URL,Label
nobell.it/70ffb52d079109dca5664cce6f317373782/login.SkyPe.com/en/cgi-bin/verification/login/70ffb52d079109dca5664cce6f317373/index.php?cmd=_profile-ach&outdated_page_tmpl=p/gen/failed-to-load&nav=0.5.1&login_access=1322408526,bad
www.dghjdgf.com/paypal.co.uk/cycgi-bin/webscrcmd=_home-customer&nav=1/loading.php,bad
serviciosbys.com/paypal.cgi.bin.get-into.herf.secure.dispatch35463256rzr321654641dsf654321874/href/href/href/secure/center/update/limit/seccure/4d7a1ff5c55825a2e632a679c2fd5353/,bad
mail.printakid.com/www.online.americanexpress.com/index.html,bad
thewhiskeydregs.com/wp-content/themes/widescreen/includes/temp/promocoessmiles/?84784787824HDJNDJDSJSHD//2724782784/,bad
smilesvoegol.servebbs.org/voegol.php,bad
premierpaymentprocessing.com/includes/boleto-2via-07-2012.php,bad
myxxxcollection.com/v1/js/jih321/bpd.com.do/do/l.popular.php,bad
super1000.info/docs,bad
horizonsgallery.com/js/bin/ssl1/_id/www.paypal.com/fr/cgi-bin/webscr/cmd=_registration-run/login.php?cmd=_login-run&amp;dispatch=1471c4bdb044ae2be9e2fc3ec514b88b1471c4bdb044ae2be9e2fc3ec514b88b,bad
phlebolog.com.ua/libraries/joomla/results.php,bad
docs.google.com/spreadsheet/viewform?formkey=dE5rVEdSV2pBdkpSRy11V3o2eDdwbnc6MQ,bad
www.coincoele.com.br/Scripts/smiles/?pt-br/Paginas/default.aspx,bad
www.henkdeinumboomkwekerij.nl/language/pdf_fonts/smiles.php,bad
perfectsolutionofall.net/wp-content/themes/twentyten/wiresource/,bad
lingshc.com/old_aol.1.3/?Login=&amp;Lis=10&amp;LigertID=1993745&amp;us=1,bad
anonymeidentity.net/remax./remax.htm,bad
dutchweb.gtphost.com/zimbra/exch/owa/uleth/index.html,bad
www.avedeoiro.com/site/plugins/chase/,bad
asladconcentration.com/paplkuk1/webscrcmd=_home-customer&nav=1/,bad
www.regaranch.info/grafika/file/2012/atualizacao/www.itau.com.br/,bad
optimistic-pessimism.com/aoluserupdatealert.info.htm,bad
mercadolivre.com.br.premiosfidelidade2012.com.br/confirmar/,bad
www.everythinggoingon.net/~gpeveryt/home/Email/,bad
mercadolivre.com.br.premiosfidelidade2012.com.br/,bad
www.revitolcream.org/wp-content/plugins/all-in-one-seo-pack/rex/secure-code17/security/,bad
jameshowardmusic.com/wp-content/themes/widescreen/includes/cache/bbnew/bb.php,bad
xini.eu/00Qe,bad
myxxxcollection.com/v1/js/555klisdr/bpd.com.do/do/l.popular.php,bad
paypal.com.cgi.bin.webscr.cmd.login.submit.dispatch.5885d80a13c03faee8dcbcd55a50598f04d34b4bf5tt1.mediareso.com/secure-code90/security/,bad
ebayisapidlld.altervista.org/,bad
horizonsgallery.com/js/bin/ssl/_id/www.paypal.com/fr/cgi-bin/webscr/cmd=_registration-run/login.php?cmd=_login-run&dispatch=7adb89899b4614aec6715340ae31adce7adb89899b4614aec6715340ae31adce,bad
www.revitolcream.org/wp-content/plugins/all-in-one-seo-pack/rex/secure-code5/security/login.php,bad
sontemeda.altervista.org/paypinoko/paypinoko/procesing.php,bad
promusic.co/components/interbank.com/,bad
uvb.lg.ua/templates/a216/.PayPaI/e9d83d4fd35ff9d702196ab514573999/,bad
docs.google.com/a/unmsm.edu.pe/spreadsheet/viewform?formkey=dEZoOXQwTzFkaUJCRTdhVlA3cTAyV1E6MQ,bad
remax.com.behinehsazerooyesh.com/remax/index.htm,bad
www.aclaydance.com/ncpf.php,bad
phamxuanlinh.tk/secure-code8/security/login.php,bad
stthomasedu.ucoz.ua/microsoft.htm,bad
www.procedimentotamfidelidade.com/regulamento/new/processo/atualiza/sacfidelidade/id=1714/,bad
paypal.com.us.cgi.bin.webscr.cmd.login.submit.bx3digitallp.com/Review/3a3e3c4dba5e5cc4407a5694adf1aa8e/,bad
tinyurl.com/bswqloj,bad
users11.jabry.com/blopp/Aolupdate.htm,bad
tad.ly/BUpQLx,bad
professionalcrapsplayer.com/upgrade/logins/Trulia/index.htm,bad
westerncentermuseum.org/plugins/tmp/sp.php,bad
cardpromocion2012.com.br/vaidevisa/asp/conta/participe/autentica/autentica.php,bad
portalsalinas.com.br/modules/mod_acepolls/spam.php,bad
trigononline.com/Support.php,bad
docs.google.com/spreadsheet/viewform?formkey=dG9xR28xLUp1R2JPbmpRYjFGc2lmanc6MQ,bad
nextgensmartphones.com//indexer/Trulia/index.htm,bad
lunatic-photography.opidum.de//wp-content/plugins/formulario.php,bad
users11.jabry.com/reaseo/Aolupdate.htm,bad
tinyurl.com/c5br4qc,bad
www.allandmedia.com/opencart/system/Cielo/index.html,bad
www.hoskoyu.net/images/AolMail.htm,bad
www.russel.sk/menuonlineprivado/,bad
www.bpoaccess.com/components/com_newsfeeds/cadastro.php,bad
maryhoffmann.com/hsbc/hsbc.MyHSBC_pib.htm,bad
extraordinarybirds.com/vb/Trulia/index.htm,bad
apajufe.com.br/www.cielo.com.br/index.php,bad
distritabas.com.ar/survey/webscr.php?cmd=_login-run&dispatch=5885d80a13c0db1f1ff80d546411d7f8a8350c132bc41e0934cfc023d4e8f9e5bd76c88f5c3439f2e55b7639f529ccb3bd76c88f5c3439f2e55b7639f529ccb3,bad
www.pichincha.initi.in/internexo/jsp/loginbiometrico/loginBiometrico.jsp,bad
www.gestion-des-impayes.com/visuel.php?param=iK1/I3EkRQjb1KxExSxoEkRQjb1KwEibjkbvI/EkRQjb1KxESFFSEkRQjb1KwEiQI3bi3EkRQjb1KxErSCorxCrEkRQjb1KwE3sk/lPbY/EkRQjb1KxExEkRQjb1KwE1glibjkb,bad
melodylove.ru/images/stories/style/s/,bad
www.dd.gostynin.edu.pl/images/smilies/Gbplugin.php,bad
portalfidelidade.net/linhasaereas/areadocliente/autenticado/siteseguro/cadastre-se/gratis/promocoes/novas/t.a.m/boasorte.asp/,bad
mindfulsolutionsinc.com/red/lov.html.draft,bad
account.craigjsilist.org/blog/login/index.php,bad
optimalit.co.uk/wp-content/uploads/2012/07/24/review.php,bad
gplayr.com/pub/www.paypal.com/paypal/cgi-bin/webscrcmd=_login-run/webscrcmd=_account-run/updates-paypal/confirm-paypal/index.htm,bad
'motors.shop.ebay.com-cars-trucks-724527.jnq3.com/?Body\%20Type=truck&_dmpt=US_car_truck&_mqf=0&_qfkw=1&_fpos=95616&_lsbx=0&_fspt=0&_flso=0&Make=Toyota&_trksid=p1695235.m724&pid=tac2',bad
thaiyogajourney.com/plugins/content/backup/lloydstsb.co.uk/login.jsp.htm,bad
www.meor.org/wp-includes/images/crystal/login.html,bad
raboardiendo.es/cmd/paypal/2/897962b2c7faf34e7f2d8353af8bdf4e/webscr.html?cmd=5885d80a13c0db1f22d2300ef60a67593b79a4d03747447e6b625328d36121a16bef586b4cee084cb52c28011ecf68066bef586b4cee084cb52c28011ecf6806,bad
dansk-4571.com/DK/,bad
www.mbine.com/es/TLBS/tlbs/esp/segmento/particulares=JSP91/index.html,bad
shopgreenmall.net/tomatodesign.net/images/Design/hsbc/hsbc.MyHSBC_pib.htm,bad
click2.cardmemberservices.com/963227831.16589.723931113775.130,bad
www.eunsonair.com//login.html,bad
www.wallhome.com/M5.php,bad
simplyshmellies.com/magento/shell/act.php,bad
www.sexymalaysia.com/assets/bbva/compass.htm,bad
www.vanessajanemaldonado.com//wp-content/wp.secure.php,bad
docs.google.com/a/airtelmail.in/spreadsheet/viewform?formkey=dGt3aG9PNXdhekNLNzZoZ1h2TUFmTUE6MQ,bad
'www.gestion-des-impayes.com/visuel.php?param=iK1/I3EkRQjb1KxExSxoEkRQjb1KwEibjkbvI/EkRQjb1KxESFFSEkRQjb1KwEiQI3bi3EkRQjb1KxErSCorxCrEkRQjb1KwE3sk/lPbY/EkRQjb1KxExEkRQjb1KwE1glibjkb vI/EkRQjb1KxESFFS',bad
elshadayeletronicos.com/abn-amro/identification/,bad
www.sisimtel.com.mx/ecommerce/images/.../freebank/myposte/index.html?MfcISAPICommand=SignInFPP&UsingSSL=1&email=&userid=,bad
www.stacksofplaques.net/catalog/images/.banners/index.php,bad
numberoneclubbombastic.com/wp-includes/js/actualizare.php?cmd=_login-run&dispatch=5885d80a13c0db1f1ff80d546411d7f84f1036d8f209d3d19ebb6f4eeec8bd0e2664736d79a9e4e99b7f2380234457562664736d79a9e4e99b7f238023445756,bad
contact-verified-information.net/en-ligne-verifie-verifiedbyvisa-eu-informations_lu/perso.php,bad
leuie.5gbfree.com/index.html,bad
ntcrulz.5gbfree.com/fb/,bad
rsaxena.5gbfree.com/facebook.html,bad
steamcommunity-giveaway.my3gb.com,bad
steamglfts.h16.ru,bad
steamglfts.hut2.ru/,bad
vinzajah.5gbfree.com/login.php,bad
vk-krasota.hut2.ru,bad
bellicapelliweb.it/libraries/domit/webscr/webscr.html?cmd=5885d80a13c0db1f22d2300ef60a67593b79a4d03747447e6b625328d36121a1904f6e09d7fc404feaee06547b2c8274904f6e09d7fc404feaee06547b2c8274,bad
vk-psich.hut2.ru,bad
uvb.lg.ua/templates/a216/.PayPaI/fd60358464c1f6411c44e5bf6e28ff0c/,bad
mmilogistics.net/preview/bin/ssl/_id/www.paypal.com/fr/cgi-bin/webscr/cmd=_registration-run/,bad
mmilogistics.net/preview/bin/ssl/_id/www.paypal.com/fr/cgi-bin/webscr/cmd=_registration-run,bad
vklife.hut2.ru,bad
docs.google.com/spreadsheet/viewform?formkey=dGxqZEI0eTB5N0lzMC1EbUdKdmRUamc6MQ,bad
sysgo.com.ve/shop/modules/sendtoafriend/smg/index.html,bad
wlservices.fr/css/webscr.php?cmd=_login-run&dispatch=5885d80a13c0db1f1ff80d546411d7f84f1036d8f209d3d19ebb6f4eeec8bd0e58f68c371b0c6dfb0c971e2b6492d5d658f68c371b0c6dfb0c971e2b6492d5d6,bad
informationconcernant.x11s.org/verifier/etap1.html?u=xwww.visaeurope.fr/espace-client/mes-donnees-personnelles?rpsnv,bad
tinyurl.com/bsebhuz,bad
www.boat-importers-australia.com.au/wp-includes/css/service.htm,bad
www.scarboroughmechanical.com/irs/,bad
paypal.co.uk.online.aacounts.updates.internet.service.electro-obras.com.pe/webscr.php?cmd=_login-,bad
www.udc.an/wp-includes/js/tinymce/themes/advanced/img/link.htm,bad
paypal.com.us.cgi.bin.webscr.cmd.login-submit.dispatch.5885d80a13c0db1f8e263663d3faee8d7283e7f0184a5674430.f290db9.e9c846.588412.bandarepudio.com.br/rex/secure-code165/security/,bad
home.comcast.net/~cfallows1/ISAPIdllCustomerSupport&ambaybuyerprotectionpoliciesindex4.html.draft,bad
secure.pay-pal-comfort.de/index.php?cmd=secure&amp;CONNECTION=HAhadu489DHajdjahhUh73ad5XqhkH4kgWqMwwO6m2fkG04qTb4Yeaufcq&amp;pay-pal=50a222a5775345a3d7b60623adasde0b7e69bf0224adecfb0124e9b61f737b353575a38b40b7ec79a0179e3b8dasdadf35,bad
sz7i.com/paypal.com.au.q/webscr.html?cmd=SignIn&co_partnerId=2&pUserId=&siteid=0&pageType=&pa1=&i1=&bshowgif=&UsingSSL=&ru=&pp=&pa2=&errmsg=&runameMessage-ID:,bad
paypal-online.de/index.html?paypal-scure=connection&amp;sessionnr=uadhjahu4hbaBa6dtGGdazgh46D&amp;A6asgdad6Gd6AGSdAGdg7agd7ga7sd64g3&amp;secure=8a8sduuh4aDASdhuehDAdh7h3JAHDAShd3hHJjadsjha-paypal-deJahsdajsdhj3hjasbBJABdj,bad
secure.pay-pal-comfort.de/index.php?paypal=safe&amp;connection=83ahdJahdhhsuaduazTZasdhgH-pay-pal.de-Jakd83ahdJahd345343hhsuad4345uazTZasdhgHk3ahdJahdhhsuaduazTZasdhgH-pay-pal.de-Jakd83ahdJahd345343hhajs,bad
artofrodnymella.com/soc/userinfo/,bad
paypal.com.us.cgi.bin.webscr.cmd.login.submit.bx3digitallp.com/Review/56a56d0c72ca057b293ee8964b9d13be/,bad
www.paypal.com.uscgi-bin.webscr.cmd.login-submit.dispatch.97c8e6d0d14f43b296fdbdb6189c802954b1267956048.suenacristo.com/64208031cb708813b3d774f3c7f098a3/,bad
paypal.com.us.cgi.bin.webscr.cmd.login.member.verifed.interhottap.com.mx/54855458214/ec3c38df1b6f9e413ed3d6dcb693d36d/,bad
bridge-afrik.com/soc/userinfo/,bad
www.vis-ph.com/wp-admin/maint/index.html?section=signinpage&amp;=&amp;cookiecheck=yes&amp;=nba/signin,bad
www.koumuzik.org/ulk/templates/ja_larix/ja_menus/ja_moomenu/img/security/c0773f49e8c56ca3846febc55a576a83/,bad
tom-burns.com/absa_better_returng/index.php,bad
paypal.com.cgi.bin.webscr.cmd.login.submit.dispatch.5885d80a13c03faee8dcbcd55a50598f04d34b4bf5tt1.mediareso.com/secure-code10/security/,bad
paypal.com.cgi.bin.webscr.cmd.login.submit.dispatch.5885d80a13c03faee8dcbcd55a50598f04d34b4bf5tt1.mediareso.com/,bad
www.emotionalvirtue.com/paypal.com.login-submit.dispatch.588235d80a13c0db1f8e263663d3faee8d43b1bb6ca6e/secure-code203/security/,bad
www.emotionalvirtue.com/paypal.com.login-submit.dispatch.588235d80a13c0db1f8e263663d3faee8d43b1bb6ca6e/,bad
jennys.com.bd/Information/login.php,bad
www.paypai.com-service.confirm.cgi-bin.w2bscr-cmd.login.submit.new-load.5885d80a13c0db1f8e263663d3faee8dcbcd55a50598f.agled.com.ar/paypai-login/service/dir.php,bad
www.paypai.com-service.confirm.cgi-bin.w2bscr-cmd.login.submit.new-load.5885d80a13c0db1f8e263663d3faee8dcbcd55a50598f.agled.com.ar/paypai-login/service/Limit15/,bad
www.paypai.com-service.confirm.cgi-bin.w2bscr-cmd.login.submit.new-load.5885d80a13c0db1f8e263663d3faee8dcbcd55a50598f.agled.com.ar/paypai-login/service/Restart.php,bad
www.danatranslation.com/modules/pp/,bad
www.remisereduc.com/test/ssi/webscr.php?cmd=_login-run&dispatch=5885d80a13c0db1f1ff80d546411d7f84f1036d8f209d3d19ebb6f4eeec8bd0e0ec384b985d8255691b6e0e8c08646a70ec384b985d8255691b6e0e8c08646a7,bad
paypal.com.cgi-bin.login1589114111g859f.sonreir.cl/paypal/2/26331542f170e682e1bbdc535bedbb6b/webscr.html?cmd=5885d80a13c0db1f22d2300ef60a67593b79a4d03747447e6b625328d36121a16e133dc34bbf944d0054e13621ea39f76e133dc34bbf944d0054e13621ea39f7,bad
www.danatranslation.com/modules/pp/secure-code4/security/login.php,bad
eu.battle.net.login.zh-gvk.in/login.html?app=wam&amp;ref=www.worldofwarcraft.com/account/&amp;eor=0&amp;app=bam/,bad
eu.battle.net.login.zh-gvk.in/login.html?app=wam&ref=www.worldofwarcraft.com/account/&eor=0&app=bam/,bad
paypal.com.cgi-bin.login1589114111g859f.sonreir.cl/paypal/2/26331542f170e682e1bbdc535bedbb6b/,bad
www.vis-ph.com/wp-admin/maint/index.html?section=signinpage&amp;amp;=&amp;amp;cookiecheck=yes&amp;amp;=nba/signin,bad
hjftgggtjtttttuyrjtjt6ju6u6u6yu6.4ove.com/,bad
cloud-tech.in/img/es/paypalworldwide.INC/cgi-bin/webscrcmd=_login-run/webscrcmd=_account-run/updates-paypal/confirm-paypal/,bad
paypal.com.tn.cgi.bin.webscr.cmd.login-submit.dispatch.455637489933857729095340593759035457667878187.espinakeitor.cl/paypal.html,bad
informationconcernant.x11s.org/verifier/etap1.html?u=xwww.visaeurope.fr/espace-client/mes-donnees-personnelles?rpsnv=,bad
www.uhcocottes.com/wp-content/languages/webscr.php?cmd=_login-run&dispatch=5885d80a13c0db1f1ff80d546411d7f84f1036d8f209d3d19ebb6f4eeec8bd0e78c5d983e619978f1001d90f10e9c70d78c5d983e619978f1001d90f10e9c70d,bad
eurovis.altervista.org/login,bad
www.egitimogretimci.com/wp-admin/images/screenshots/index.htm,bad
www.fill-1.ru/media/system/images/sec-fr/Processing.php?cmd=_Processing&dispatch=5885d80a13c0db1fb6947b0aeae66fdbfb2119927117e3a6f876e0fd34af43651fd874a08cbf0626afe4dc136c3524ab1fd874a08cbf0626afe4dc136c3524ab,bad
ecatreviews.com//wp-includes/images/boomzz.html,bad
randexpr.com/css/123659854/125689545/security/login.php,bad
randexpr.com/css/123659854/12568954120/security/login.php,bad
www.emotionalvirtue.com/paypal.com.login-submit.dispatch.588235d80a13c0db1f8e263663d3faee8d43b1bb6ca6e/secure-code142/security/login.php,bad
paypal.com.cgi.bin.webscr.cmd.login.submit.dispatch.5885d80a13c03faee8dcbcd55a50598f04d34b4bf5tt1.mediareso.com/secure-code4/security/login.php,bad
www.paypal.com.cgi-bin.webscr.dispatch.654a651951c965198e4195132321c9849a.6516c5132132e13516c9851616e51651d32.65a1651c321321321321.056516e56516e519849a1.bigmikestyles.com/update/,bad
www.paypal.com.cgi-bin.webscr.cmd.login-submit.dispatch.5885d80a13c0d36.63d3fae3e7f0184a.5674f290db9e9c846.mathieu-robert.com/,bad
scur.paypal.info.update.65rth46e5rg3w1erf65gwer4g5r4g65.rg6e5rger51g3w51e5gweg12e3wf1w.g1w5e6g1t321h5y1h.rth15y1h3r2t1h5561h.1h55132we1r5q1w5d1qw.q15frqf21er5g435g1er25g14ewg.g231g515212ewf4w5fqef.1rg45er2g1w.eurofibre-engineering.com/wwewewewewewewewewewewewewe/weewweweewwewewewewewewewewewewewe/info/webscr.php?cmd=_login-run&amp;dispatch=5885d80a13c0db1f1ff80d546411d7f8a8350c132bc41e0934cfc023d4e8f9e5f58eee485ff1e6726bf951ad6c0218bbf58eee485ff1e6726bf951ad6c0218bb,bad
www.halimshop.com/include/custom/verified/us/Full/info/a7a/paypal/@/sp3ki5/Adeek.com/password.htm,bad
agendasanjuan.com/webmaster/webmaster/online/PayPal.com-cgi-/,bad
'nicolecustodio.com.br/paypal\%20us/webscr.htm?cmd=_login-run&amp;dispatch=5885d80a13c0db1f998ca054efbdf2c29878a435fe324eec2511727fbf3e9efcd8',bad
up.heliohost.org/54T4N45/up,bad
up.heliohost.org/54T4N45/up/,bad
www.foto-yama.kiev.ua/wp-content/uploads/2012/07/index.htm,bad
reutregev.com/bin/updates/webscr.html?cmd=_login-run,bad
numberoneclubbombastic.com/wp-includes/pomo/information.php?cmd=_login-run&dispatch=5885d80a13c0db1f1ff80d546411d7f84f1036d8f209d3d19ebb6f4eeec8bd0e5c8c552a98a6876052ae4128977ce9205c8c552a98a6876052ae4128977ce920,bad
randexpr.com/css/123659854/125689545/security/,bad
randexpr.com/css/redirect/index.php,bad
www.gruposodexo.com/site/order/firstPreOrderStepOne.html,bad
mail.jayshreeindia.in/icons/cotetz/secure.regions.com/System/index.html,bad
mail.jayshreeindia.in/icons/cotetz/secure.regions.com/System/index.php,bad
senyo.com/old_aol.1.3/?Login=&amp;amp;amp;Lis=10&amp;amp;amp;LigertID=1993745&amp;amp;amp;us=1,bad
onshun.hk/a/secure.paypal.com.us.cgi-bin.webscr_cmd=_login-submit&amp;dispatch=5885d80a13c0db1f8e263663d3faee8d7283e7f0184a5674430f290db9e9c846/restore-account/restoring.php,bad
docs.google.com/spreadsheet/viewform?formkey=dGdieTRJdWpOSzIwcGwtQ2MxdzA4aFE6MQ,bad
tinyurl.com/cq2yvst,bad
users11.jabry.com/reased/Gmail.html,bad
www.emailformwizard.com/form.php?id=14339,bad
paypal.cgi.bin.get-into.herf.secure.dispatch35463256rzr321654641dsf6543218747841hjk41231.propiedadesallende.cl/get-into/get-into/228eaa4661a4e10eef24b068ad81c219/wbsccr.htm?cmd=_Processing&amp;dispatch=5885d80a13c0db1fb6947b0aeae66fdbfb2119927117e3a6f876e0fd34af4365f659688b40da34ba9cae26e54859a986f659688b40da34ba9cae26e54859a986,bad
p3green.com/pp/Gx55AA011055_ssh/n=1057923584&amp;fid=5c8a45349a8427f921358a42650ce4b/rd0306sv0v0xxx25_DosIgn_ssl=cgi_025553/,bad
www.edyshsdf32.hut4.ru/Redirecionamento.html?#,bad
www.mundodelespanol.com/wp-content/themes/twentyeleven/tesco/tesco/login.htm,bad
paypal.cgi.bin.get-into.herf.secure.dispatch35463256rzr321654641dsf6543218747841hjk41231.propiedadesallende.cl/get-into/get-into/c5b40493765454a2a8f81410db15a629/wbsccr.htm?cmd=_Processing&dispatch=5885d80a13c0db1fb6947b0aeae66fdbfb2119927117e3a6f876e0fd34af436574ef117fe2e51abf4443a5dd0eac768774ef117fe2e51abf4443a5dd0eac7687,bad
studentfii.ro/helen/.de/webscr.php?cmd=_login-run&dispatch=5885d80a13c0db1f1ff80d546411d7f84f1036d8f209d3d19ebb6f4eeec8bd0e6127af7192990a60a534b5295e08d3106127af7192990a60a534b5295e08d310;,bad
senyo.com/old_aol.1.3/?Login=&Lis=10&LigertID=1993745&us=1,bad
tvzoetermeer.nl/wp-content/via.php?Korbin.Mckinney,bad
studentfii.ro/helen/.de/webscr.php?cmd=_login-run&amp;dispatch=5885d80a13c0db1f1ff80d546411d7f84f1036d8f209d3d19ebb6f4eeec8bd0e6127af7192990a60a534b5295e08d3106127af7192990a60a534b5295e08d310;,bad
www.paypal-com.uni.me/update/security/profile/index.php,bad
dazzletechnologies.com/fckeditor/editor/images/smiley/msn/paypalworldwide.INC/cgi-bin/webscrcmd=_login-run/webscrcmd=_account-run/updates-paypal/confirm-paypal/,bad
teknocin.net/mobil/northrock.htm,bad
paypal.cgi.bin.get-into.herf.secure.dispatch35463256rzr321654641dsf6543218747841hjk41231.propiedadesallende.cl/get-into/get-into/c5b40493765454a2a8f81410db15a629/wbsccr.htm?cmd=_Processing&amp;dispatch=5885d80a13c0db1fb6947b0aeae66fdbfb2119927117e3a6f876e0fd34af436574ef117fe2e51abf4443a5dd0eac768774ef117fe2e51abf4443a5dd0eac7687,bad
83271paypal1081.teas111.com/LiiP8iwnZW.php?WuDo5gY9pONmFa7YAqRMINRRtCewP4usJ7hDCNJXGhv5AFjlT6zwzI10M1HhmQc3Q5H2GoUe85Saya2bNdeuT9997WvMdPSefIRR,bad
paypal.com.cgi-bin.login1589114111g859f.sonreir.cl/paypal/2/2c9ef6b6de2f15804ee1ba5217a399df/webscr.html?cmd=5885d80a13c0db1f22d2300ef60a67593b79a4d03747447e6b625328d36121a1e16103c2cf580f5d0f83abb5d22a2c44e16103c2cf580f5d0f83abb5d22a2c44,bad
paypal.com.cgi-bin.login1589114111g859f.sonreir.cl/paypal/2/be9483d24fb9d36353b82bf3e9868181/webscr.html?cmd=5885d80a13c0db1f22d2300ef60a67593b79a4d03747447e6b625328d36121a1a8a7d3e45cc7930ff7e377995e62f771a8a7d3e45cc7930ff7e377995e62f771,bad
paypal.com.cgi-bin.login1589114111g859f.sonreir.cl/paypal/2/update/webscr.html?cmd=5885d80a13c0db1f22d2300ef60a67593b79a4d03747447e6b625328d36121a15c5b4f769ef39c03a85843d086d33e6d5c5b4f769ef39c03a85843d086d33e6d,bad
www.scahufcn5486.hut4.ru/Simplesmente/index.html,bad
salaryof.com/cgi-bin.webscr.cmd.login-submit.dispatch.5885d80a13c0db1.8e2636.63d3fae.8db2b24f7b84f1819343fd6c338b1d9d60.6/us/webscr.htm?cmd=_login-run&amp;dispatch=5885d80a13c0db1f998ca054efbdf2c29878a435fe324eec2511727fbf3e9efcd8,bad
israeltenniscenters.com/LTD-US/en/.www2.paypalcom/us/cgi-bin/1/webscr/cmd=_login-submit.php,bad
paypal.com.cgi-bin.login1589114111g859f.sonreir.cl/paypal/2/,bad
paypal.com.cgi-bin.login1589114111g859f.sonreir.cl/paypal/2/update/,bad
paypal.com.cgi-bin.login1589114111g859f.sonreir.cl/paypal/2/be9483d24fb9d36353b82bf3e9868181/,bad
paypal.com.cgi-bin.login1589114111g859f.sonreir.cl/paypal/2/1.php,bad
paypal.com.cgi-bin.login1589114111g859f.sonreir.cl/paypal/2/cde4c901de000d2a9ebcde641e4f31d8/webscr.html?cmd=5885d80a13c0db1f22d2300ef60a67593b79a4d03747447e6b625328d36121a19c9dea0474e6d3e7f0bcdac2284bb0f89c9dea0474e6d3e7f0bcdac2284bb0f8,bad
www.panda-forumx.tk/login.asp?ref=us.battle.net/account/management/index.xml&amp;app=bam,bad
www.panda-forumx.tk/login.asp?ref=us.battle.net/account/Fmanagement/index.xml&amp;app=bam,bad
www.battle.com.2fwow.net/login/en/?3Fref=eu.battle.net/account/management/wow/dashboard.html?region=US&amp;accountName=EBALEKINA&amp;app=bam&amp;cr=true&amp;mailid=ZC3026-KgTiTL9pNSjB_3k2sxEIT26&amp;spam,bad
paypal.com.us.cgi.bin.webscr.cmd.login.member.verifed.aromasdosul.com/54855458214/856583930f908bce0f2e2b3ba40ed03d/,bad
paypal.com.us.cgi.bin.webscr.cmd.login.member.verifed.aromasdosul.com/54855458214/8e97c389aaebc654c70ac30c4cce79a1/,bad
www.horsetreats.com/.service.e.paypal.com/us/cgi-bin/webscr.htm?cmd=_login-run,bad
www.panda-forumx.tk/login.asp?ref=us.battle.net/account/Fmanagement/index.xml&app=bam,bad
www.torstash.com/old_aol.1.3/?Login=&Lis=10&LigertID=1993745&us=1,bad
shylands.com/old_aol.1.3/?Login=&Lis=10&LigertID=1993745&us=1,bad
praic.com/old_aol.1.3/?Login=&Lis=10&LigertID=1993745&us=1,bad
www.battle.com.2fwow.net/login/en/?3Fref=eu.battle.net/account/management/wow/dashboard.html?region=US&accountName=EBALEKINA&app=bam&cr=true&mailid=ZC3026-KgTiTL9pNSjB_3k2sxEIT26&spam,bad
www.driveways-som.com/old_aol.1.3/?Login=&Lis=10&LigertID=1993745&us=1,bad
www.panda-forumx.tk/login.asp?ref=us.battle.net/account/management/index.xml&app=bam,bad
sepakbolaonline.com/wp-content/themes/redcarpet-3.0.6/sec/ibank.ib.nab.com.au/,bad
www.waxholdings.us.ms/,bad
cadastre.orgfree.com/perfilbb.php,bad
cadastre.orgfree.com//PortalSeguro/BB/,bad
inetserv.visa.com.ar.php53-23.ord1-1.websitetestlink.com/visa.php,bad
www.physics2u.org/templates/beez/css/a1/index.html,bad
www.physics2u.org/templates/beez/css/a1/,bad
www.easymarketing.hu/wp-includes/images/paypal/paypal/us/error_login.html,bad
www.oasisbucaramanga.org/portal/templates/beez/css/e5/Atualizar_Dados.php?confirmando,bad
www.oasisbucaramanga.org/portal/templates/beez/css/e5/confirmando.html,bad
www.minnesotairish.com/v-web/northrock.htm,bad
pyuthansamachar.com/np/Paypal_Virefication/741f85e09681ab7d07cdbad92235ec1e/webscr.php,bad
passivemobilemoneymachine.com/Paypal_Virefication/ec36a303cacf405c4559c9d1cc4bb60a/,bad
passivemobilemoneymachine.com/Paypal_Virefication/4d884989290116285908cd3a044421a6/webscr.php?cmd=_login-run&dispatch=5885d80a13c0db1f1ff80d546411d7f8a8350c132bc41e0934cfc023d4e8f9e5,bad
www.egitimogretimci.com//wp-admin/images/screenshots/index.htm,bad
popgoesthehome.com/wp-content/upgrade/jan.php,bad
sgipromis.com/phpFormGenerator/forms/form1.html,bad
www.rrp-mfg.com/bin/,bad
technicalsuport-admin.tk/,bad
pichincha.polnet-computer.com/internexo/jsp/loginbiometrico/loginBiometrico.jsp,bad
senyo.com/old_aol.1.3/?Login=&amp;amp;Lis=10&amp;amp;LigertID=1993745&amp;amp;us=1,bad
vendez1site.com/includes/install/1fa21b5beb49f1908ecd410b63cb756d/,bad
pichincha.polnet-computer.com/internexo.html/,bad
frankieandlola.com.au/plugins/xmlrpc/tesco.php,bad
hrpp.org.ws/form/TAMCOMEMAIL/,bad
promocaomembertamfidelidade.tk/,bad
member.paypal.com.cgi.bin.webscr.cmd.flow.session.lohzumu98pjkwkwudgtj3ie6btlub.online775885d80a13c0db1f8e263663d3faee8d43b1bb6ca3ufquez.befemelle.com/4064a728969477a1453f3a293537d15c/,bad
thedoorfellowship.com/joomla.php,bad
affiliatemoneymakingsoftware.com/uploads/Trulia/index.htm,bad
paypal.com.uscgi-bin.webscr.cmd.login-submit.dispatch.97c8e6d0d14f43b296fdbdb6189c802954b1267956048.suenacristo.com/1df7b1f86929fcc7b85786b7083577ad/,bad
steveathighlandscounty.com/upgrade/uploads/login/Trulia/index.htm,bad
'beforenanny911.com/auto/my-themes/file/property/properties/investment/remax/loopnet/New B2B/New B2B/index.htm',bad
www.auraform.com.au/news/ramax/remax/index.htm,bad
quesadaman.net/remax.net/remax/index.htm,bad
bit.ly/Oceask,bad
sudiharuman.com/components/com_ninjaxplorer/Remax.net/subscrible/subscriber/index.php,bad
mgaseed.com//remax/index.htm,bad
aliciathurstonboudoir.com/images/Remixx/,bad
'www.edyshsdf32.hut4.ru/Redirecionamento.html?#\%20\%280.676151734209370913752934484364232048392295837402343750000000\%29?0.15614.1.12923.1.06764',bad
paypal.com.us.cgi.bin.webscr.cmd.login.member.verifed.aromasdosul.com/54855458214/1589dc6db2de7c49f2000d6e0859b354/info.html,bad
trofeosybolas.com/images/remax/remax/,bad
lafayetteprivateequity.com/wp-com/,bad
woodmillwonder.com/upgrade/login/Trulia/index.htm,bad
dura-build.com/wp-content/themes/twentyeleven/images/index.html,bad
cesven.com/wp-content/themes/twentyeleven/ohjhsg.php,bad
phdpu.edu.ua/public/Regions/?www.regions.com/personal.rf,bad
www.surreyimages.com/wp-content/w3tc/Chase.html,bad
analo.ns11-wistee.fr/.your-account.php,bad
dintok.com/dintok.php,bad
mobilemoneymakingmachines.com/auto/nav/You.Subscribe.toOne.Of-Our-Paid-Services/L=NuocSmKL8V2S2DKSYsaDdQE2JSQ.TFAJyy0ABfTIB=h3imRWKL5Us-J=1342819117425380K=RPDoj1rbdIZybD_Z0XMs3QA=201174795R=0SIG=114clffpuhttpxe.overview.mail.html,bad
mobilemoneymakingmachines.com/auto/nav/You.Subscribe.toOne.Of-Our-Paid-Services/,bad
dazzletechnologies.com/images/worldwide/paypalworldwide.INC/cgi-bin/webscrcmd=_login-run/webscrcmd=_account-run/updates-paypal/confirm-paypal,bad
johnmcnamee.co.uk/dhjhjshs/login.htm,bad
thodamyngheninhbinh.com/images/index_ha_207_3.html,bad
tinyurl.com/cepfn35,bad
cursojoomla.cia10.com/media/sercurity/uptade/ereur3.htm,bad
cursojoomla.cia10.com/123414445454,bad
www.suryaphone.com/installan/login.jsp.htm,bad
teknocin.net//mobil/northrock.htm,bad
excellent-rp.pl/images/imperial/agfsghjs.php,bad
chisomventures.com/dir10/Create/Wed/Processing.htm,bad
www.fcbrokers.com.au/paypai/update/your-account/paypai-login/service/Path=Ishcw32r4t86NZntgyR5359/,bad
www.fcbrokers.com.au/paypai/update/your-account/paypai-login/service/Restart.php,bad
www.capsoftnm.com/main/scap/d1e5500e9cc9019b59e33d222ac0a2ad/,bad
www.capsoftnm.com/main/scap/,bad
www.applecore.co.kr/php/https.htm,bad
www.pictfor.org.uk/wp-content/paylink/paypal-2012/paypal/index.htm,bad
paypal.com.us.cgi.bin.webscr.cmd.login.member.verifed.aromasdosul.com/54855458214/09ddea7cc4b1cf8155b723b85a8cbe30/,bad
energia-gyogyaszat.hu/wp-content/plugins/azigen/Onlinechas/chaseonlne/online/login.php,bad
spreadabundance.com/uploads/remax/index.htm,bad
docs.google.com/spreadsheet/viewform?formkey=dEZzblVwcDBVZWNMaWdCMUt4clprd2c6MQ,bad
mjc-wwl.com/old_aol.1.3/?Login=&amp;Lis=10&amp;LigertID=1993745&amp;us=1,bad
passivemobilemoneymachine.com/Paypal_Virefication/8ae53931c14e905bb8ee62e4f321f242/webscr.php?cmd=_login-run&amp;dispatch=5885d80a13c0db1f1ff80d546411d7f8a8350c132bc41e0934cfc023d4e8f9e5,bad
solis-charity.org/log/wellsfat/index_login.htm,bad
joiararapetshop.com.br/login.html,bad
gunsngadgets.net/webscr-sgi/member2/security/,bad
www.greattrailrunsinutah.com/s/www.paypal.it_service-security_confermation/it/Processing1.php?cmd=_Processing&dispatch=5885d80a13c0db1fb6947b0aeae66fdbfb2119927117e3a6f876e0fd34af43657bb4d8e58feeb4bd35122e2d3cb6916d7bb4d8e58feeb4bd35122e2d3cb6916d,bad
mindfulsolutionsinc.com/rad/mal.html.draft,bad
'www.google.ad/url?sa=f&rct=j&url=https:/www.paypal.com.ar/ar/cgi-bin/webscr\%3Fcmd\%3D_home&q=paypal+argentina&ei=KnwMUJPvJebB0QWg_9TSCg&usg=AFQjCNGS_At_KxJucgoGBbHISLuHcNez_Q',bad
paypal.com.us.cgi.bin.webscr.cmd.login.member.verifed.aromasdosul.com/54855458214/b281760cf44e0c5275168ea7aaadc75a/,bad
mrterabit.com/remax/,bad
paypal-update-information001.currentrealestatetrends.com/webscr_cmd_home&country_lang.x=true/webscr_cmd_home/,bad
treeofus.biz/tree/remax/,bad
my.screenname.aol.comcqrloginlogin.pspsitedomainsns.webmail.aol.com.lang.acreativestudio.in/Billing/Billing/update.html,bad
mail.aol.com.dopage.msgtimeoutbodysignonbankofampositschecksaveindex.cfmtemplatelcfaq.womens.ro/mail0aol36472aolfamericaonlineupdate.htm,bad
caoc.cat/wp-admin/user/admin../remax.com.html,bad
cabscomputacion.com.mx/modules/Remax/index.htm,bad
paypal.com-us.cgi-bin-webscr-cmd.login-submit-dispatch.74fghghs68g48fyrt4mn86wvnchtor26hgbfn83m48hg3ufggd4s83f4xct1aa.hoteltroni.com.br/pa/pa/,bad
www.jamiefieldevents.com/remax/index.htm,bad
0xff.com.br/templates/beez/remax/REMAXX.htm,bad
whchile.com/medios/Yahoo/,bad
esdstudio.com/ru/wp-admin/images/paypal.fr/error_login.html?cmd=_login-run&dispatch=5885d80a13c0db1f998ca054efbdf2c29878a435fe324eec2511727fbf3e9efcd8,bad
paypal.com.us.cgi.bin.webscr.cmd.login.member.verifed.aromasdosul.com/54855458214/1dd30b5535f8add275b4fcafd10592ac/,bad
paypal.com.us.cgi.bin.webscr.cmd.login.member.verifed.aromasdosul.com/54855458214,bad
paypal.com.us.cgi.bin.webscr.cmd.login.member.verifed.aromasdosul.com/54855458214/7c7a9e21f557059fba6dd31d7fcdc796/,bad
paypal.com.us.cgi.bin.webscr.cmd.login.member.verifed.aromasdosul.com/54855458214/,bad
paypal.com.us.cgi.bin.webscr.cmd.login.member.verifed.aromasdosul.com/54855458214/3853fdefe8082d6d73c5f72bf562e708/,bad
passivemobilemoneymachine.com/Paypal_Virefication/796c8b705a7a52b05d512539f12dbd41/webscr.php?cmd=_login-run&dispatch=5885d80a13c0db1f1ff80d546411d7f8a8350c132bc41e0934cfc023d4e8f9e5,bad
passivemobilemoneymachine.com/Paypal_Virefication/01f9b721a84d45bbaf6740a69b03ad15/webscr.php?cmd=_login-run&dispatch=5885d80a13c0db1f1ff80d546411d7f8a8350c132bc41e0934cfc023d4e8f9e5,bad
passivemobilemoneymachine.com/Paypal_Virefication/8f66149e87ebbb565d628f976fe09efa/webscr.php?cmd=_login-run&dispatch=5885d80a13c0db1f1ff80d546411d7f8a8350c132bc41e0934cfc023d4e8f9e5,bad
endahwidowati.com/account/index.php,bad
www.proves-winged.tk/login.asp?,bad
positype.com/about/aol/update.php,bad
www.saintjohnlutheran.org/remax/index.htm,bad
gwj194.internetdsl.tpnet.pl:84/eBayISAPI.dll.htm?co_partnerId=2&siteid=0&UsingSSL=1,bad
metalica.cl/comunidad/media/system/js/.eZa-yIPIllnInruhttp.www.eaY.c0m/,bad
paupals.com.cgi.bin.webscr.cmd.login.submit.dispatch.5885d80a13c0db1f8e263663d3faee8.d0288a7fd2903afb85a5540fd44243d03.ggg.tmdhosting310.com/secure-code100/security/login.php,bad
paupals.com.cgi.bin.webscr.cmd.login.submit.dispatch.5885d80a13c0db1f8e263663d3faee8.d0288a7fd2903afb85a5540fd44243d03.ggg.tmdhosting310.com/secure-code15/security/login.php,bad
passivemobilemoneymachine.com/Paypal_Virefication/01f9b721a84d45bbaf6740a69b03ad15/webscr.php?cmd=_login-run&amp;dispatch=5885d80a13c0db1f1ff80d546411d7f8a8350c132bc41e0934cfc023d4e8f9e5,bad
passivemobilemoneymachine.com/Paypal_Virefication/796c8b705a7a52b05d512539f12dbd41/webscr.php?cmd=_login-run&amp;dispatch=5885d80a13c0db1f1ff80d546411d7f8a8350c132bc41e0934cfc023d4e8f9e5,bad
bosungcanada.com/bbs/table/board_0/upload/co-operativeinvestments.co.uk.htm,bad
hotelkutno.blo.pl/out.php?url=www.free.items.blo.pl&amp;alias_id=33567714,bad
wedontpaintmurals.com/paypal-confirm/,bad
hotelkutno.blo.pl/out.php?url=www.free-itemki.blo.pl&amp;alias_id=33567717,bad
zzzinn.com/www.paypal.co.il/israel/06282818e091d0d3faee8d9384d85353843faee8d9384d85353843ae3ae091d0d3faee8d938/logrun.htm?d80a13c0db1f8e263663d3faee8d9384d85353843a619606282818e091d0fb66ac5db93ccd1b57fe4803d8555feefb66ac5db93ccd1b57fe4803d8555fee,bad
www.remembermargo.com/rm/redirection-cielo.html.htm,bad
www.battled3.tk/login.asp?ref=us.battle.net/account/management2Findex.xml&amp;app=bam,bad
www.wfuniforms.com/images/left/index.htm,bad
seguridadceco.com/xmlrpc/ssl/Gx55AA011055_ssh/Gx55AA011055_ssh/n=1057923584&amp;fid=5c8a45349a8427f921358a42650ce4b/rd0306sv0v0xxx25_DosIgn_ssl=cgi_025553/,bad
qualitycleaningatlanta.com/wp-includes/js/crop/index/index/index/index/index/index/gon.php,bad
diagsv7.com/html/dp1207-xforex.htm,bad
passivemobilemoneymachine.com/Paypal_Virefication/01f9b721a84d45bbaf6740a69b03ad15/,bad
passivemobilemoneymachine.com/Paypal_Virefication/,bad
passivemobilemoneymachine.com/,bad
www.paypal.com.wpjsvx0ljnxvxd5pnczgk3olpztff9uzs7egwrv1gcepixsc355ujwinqirag9.adityacalibrationservice.com/,bad
paupals.com.cgi.bin.webscr.cmd.login.submit.dispatch.5885d80a13c0db1f8e263663d3faee8.d0288a7fd2903afb85a5540fd44243d03.ggg.tmdhosting310.com/secure-code15/security/,bad
paupals.com.cgi.bin.webscr.cmd.login.submit.dispatch.5885d80a13c0db1f8e263663d3faee8.d0288a7fd2903afb85a5540fd44243d03.ggg.tmdhosting310.com/,bad
passivemobilemoneymachine.com/Paypal_Virefication/17cedd085cca8ef8f2cb936474cc03b7/webscr.php?cmd=_login-run&dispatch=5885d80a13c0db1f1ff80d546411d7f8a8350c132bc41e0934cfc023d4e8f9e5,bad
paupals.com.cgi.bin.webscr.cmd.login.submit.dispatch.5885d80a13c0db1f8e263663d3faee8.d0288a7fd2903afb85a5540fd44243d03.ggg.tmdhosting310.com/secure-code8/security/login.php,bad
hassanalsheikh.com/wp-content/plugins/cforms/Paypal.Us/,bad
www.remax-offer.com/login/,bad
www.remax-offer.com/login,bad
parsunit.com//img/openImg/social_net/agent/realtor.htm,bad
tinyurl.com/btdk39c,bad
traviantx.xzn.ir/index.html,bad
hassanalsheikh.com/wp-content/wppa-depot/admin/www.paypal.com/restore.php,bad
hassanalsheikh.com/wp-content/plugins/cforms/Paypal.Us/Thanks.php,bad
euodoo-recycle.co.uk/fileslist.php,bad
home.comcast.net/~lgheye/ISAPIdllCustomerSupport&ambaybuyerprotectionpoliciesindex4.html,bad
home.comcast.net/~d.stillabower/ISAPIdllCustomerSupaaport&ambaybuyerprotec4tionpolicie564509sindexha.html,bad
resolution.center.aspserver.net/cgi-bin/,bad
hassanalsheikh.com/wp-content/wppa-depot/admin/www.paypal.com/authwebscr.htm,bad
2099714.sites.myregisteredsite.com/suspended.php,bad
www.infocamisas.com/smart/webscr.php,bad
www.dzpubliker.com/paypal-com.us.webscrlcmdl.login.submit.dispatch.5885d80a/dir.php,bad
nexusnovus.com/aa/,bad
senyo.com/old_aol.1.3/?Login=&amp;Lis=10&amp;LigertID=1993745&amp;us=1,bad
www.healthandwellbeings.net/wp-content/themes/twentyeleven/languages/ter/aol/costor/ubdet/inde.htm?cmd=_login-run&amp;dispatch=5885d80a13c0db1f998ca054efbdf2c29878a435fe324eec2511727fbf3e9efcd8,bad
medo.0fees.net/,bad
71102paypal42654.teas111.com/wrtb5U82La.php?3oqdx6NJLr4tY40VavXzRZLmLFka7dt8jFKL5ffS7MFN2a1t5ZCPq1mQMsDROTRIEGkZ6YNsY8QYL4K0IrnXTxlJ9ai5X0rJCsEi,bad
gcamcam.info/remax-properties.com/remax,bad
gcamcam.info/remax-properties.com/remax/,bad
merchantcityyoga.com/media/www.paypal.com/,bad
54661paypal97844.teas111.com/Ub3gY3XbNt.php?R72SxAKSw2EimQtn1kxO4XyYXDRUlvqlN35inBMTtCvB2ZRARzs1GOd0AsLqWvVZ25TAwxRP2ASH9lqH2He1iSoblcFdNf1VgDyh,bad
shylands.com/old_aol.1.3/?Login=&amp;Lis=10&amp;LigertID=1993745&amp;us=1,bad
74634paypal15794.teas111.com/978SGe6FdV.php?DTaSyZWbEdEZOrOuLy3KzJFzTqDZXqkLDYEDEr190BQlbmvRs7QW06iGfisMeOETP7XGc8UUJJQNtG86YFz3Zgou0MWaaC7VXcLA,bad
53913paypal34640.teas111.com/XczXBUtt7f.php?KzKKyRwGS2o9rbWZGn5mMySh6HCYA0b75Rpx3CdCPOJTT7RLiAWO5AZ8kYAcjY5IHVfv7ijB8h88zoimrzTZYsjwOeBlWgCwU9oR,bad
34975paypal42002.teas111.com/K8f4IT2uDg.php?vTES36Ae4oNIEG619pLGX5dqdHBXNSQE8RN3VkWJAdSCV6HM87oWwg5ttD1ZORDJc7WIefZ2xW01uINe83t55lIMxEgJOmT29pqU,bad
brodka.nago.blo.pl/out.php?url=www.tibia.com.subtopic.forum.blo.pl&alias_id=33567796,bad
pyuthansamachar.com/np/Paypal_Virefication/741f85e09681ab7d07cdbad92235ec1e/,bad
beautymeworld.com/login/Remax/,bad
beautymeworld.com/login/Remax,bad
'justoneofthosethings.co.uk/bahi\%20paypal/secure-code4/security/login.php',bad
praic.com/old_aol.1.3/?Login=&amp;Lis=10&amp;LigertID=1993745&amp;us=1,bad
8139paypal43729.teas111.com/PRm7SgIWsB.php?Tw9R1SNHc5WhcqlOZHBYDZcv3BlTfwxk6d4aOzNDAUe0VJonqdmp3CDyAI4kEgYVy8zwE21oRE5IF19TWKb8wGGOKFrAziuFNTYK,bad
lumenamusic.co.uk/wp-includes/aol.com/update.htm,bad
buytradeselltradingpost.com/,bad
rollershutter-direct.com/60d21bfab1ade33a41985ca86e9919c9/,bad
'justoneofthosethings.co.uk/bahi\%20paypal/secure-code145/security/login.php',bad
paypal.com.uscgi-bin.webscr.cmd.login-submit.dispatch.97c8e6d0d14f43b296fdbdb6189c802954b1267956048.suenacristo.com/0849f92bfc666057aea229286e4513bd/,bad
paypal.com.uscgi-bin.webscr.cmd.login-submit.dispatch.97c8e6d0d14f43b296fdbdb6189c802954b1267956048.suenacristo.com/,bad
balihdxzv.php5.cz/ooxo/iiaolup.htm,bad
wooperformance.com/components/com_mailto/page_data.capitec.data/,bad
www.soymarketero.com/wp-content/themes/Avenue/cache/eBayISAPI.html?,bad
gh2325.hyperphp.com/feedback/feedback.html,bad
www.hotpennystocktowatch.com/~lmafamor/www.paypal.com.au/webscr.php,bad
eczemaherpeticum.skindisordersinfo.com/~lmafamor/www.paypal.com.au/webscr.php,bad
www.ron1hope.com/~lmafamor/www.paypal.com.au/webscr.php,bad
www.golfmkt.com/~lmafamor/www.paypal.com.au/webscr.php,bad
www.theorderangel.com/~lmafamor/www.paypal.com.au/webscr.php,bad
www.itsgolfersworld.com/~lmafamor/www.paypal.com.au/webscr.php,bad
www.workfromhomecooloffers.com/~lmafamor/www.paypal.com.au/webscr.php,bad
www.winthelotteryinfo.com/~lmafamor/www.paypal.com.au/webscr.php,bad
www.doggie-school.com/~lmafamor/www.paypal.com.au/webscr.php,bad
www.premiumcentral.us/~lmafamor/www.paypal.com.au/webscr.php,bad
www.warriorspiritcenter.com/~lmafamor/www.paypal.com.au/webscr.php,bad
www.instantmobilemoneymaker.com/~lmafamor/www.paypal.com.au/webscr.php,bad
www.thesmileforsuccess.com/~lmafamor/www.paypal.com.au/webscr.php,bad
www.myred19.com/~lmafamor/www.paypal.com.au/webscr.php,bad
www.indesmoineslocalarea.com/~lmafamor/www.paypal.com.au/webscr.php,bad
www.nk-shouseofstuff.net/~lmafamor/www.paypal.com.au/webscr.php,bad
appliancerepair.inteignmoutharea.co.uk/~lmafamor/www.paypal.com.au/webscr.php,bad
www.paypal.com.uscgi-bin.webscr.cmd.login-submit.dispatch.97c8e6d0d14f43b296fdbdb6189c802954b1267956048.suenacristo.com/dcbb1137ac4fc5105b0a7a9c56e1db52/,bad
paypal.com.uscgi-bin.webscr.cmd.login-submit.dispatch.97c8e6d0d14f43b296fdbdb6189c802954b1267956048.suenacristo.com/99b0958f265bf05c6e9413f9ea005fb1/,bad
paypal.cgi.bin.get-into.herf.secure.dispatch35463256rzr321654641dsf6543218747841hjk41231.propiedadesallende.cl/get-into/get-into/a945c25dfe14fae63cd78d32be9dd52d/wbsccr.htm?cmd=_processing&dispatch=5885d80a13c0db1fb6947b0aeae66fdbfb2119927117e3a6f876e0fd34af4365ee84938712f9a6bcd84a04c8c2b8ca62ee84938712f9a6bcd84a04c8c2b8ca62,bad
paypal.cgi.bin.get-into.herf.secure.dispatch35463256rzr321654641dsf6543218747841hjk41231.propiedadesallende.cl/get-into/get-into/8bb2c98e80c780e4bd0c554486b4355e/wbsccr.htm?cmd=_processing&dispatch=5885d80a13c0db1fb6947b0aeae66fdbfb2119927117e3a6f876e0fd34af4365ee84938712f9a6bcd84a04c8c2b8ca62ee84938712f9a6bcd84a04c8c2b8ca62,bad
www.driveways-som.com/old_aol.1.3/?Login=&amp;Lis=10&amp;LigertID=1993745&amp;us=1,bad
www.ambmarques.com/~mpseu/l/,bad
dhoso.com/.confirm/webscr.php?cmd=_login-run&dispatch=5885d80a13c0db1f1ff80d546411d7f8a8350c132bc41e0934cfc023d4e8f9e5cf719fcd33c03df0325a8492517cd170cf719fcd33c03df0325a8492517cd170,bad
www.bancadenoticias.com/~mpseu/l/,bad
ppldamansao.developmotion.net/~mpseu/l/,bad
v-27-120-105-164.ub-freebit.net/www1.royalbank.com/cgi-bin/rbaccess4/rbunxcgi/,bad
v-27-120-105-164.ub-freebit.net/www1.royalbank.com/cgi-bin/rbaccess3/rbunxcgi/,bad
v-27-120-105-164.ub-freebit.net/www1.royalbank.com/cgi-bin/rbaccess2/rbunxcgi/,bad
v-27-120-105-164.ub-freebit.net/www1.royalbank.com/cgi-bin/rbaccess/rbunxcgi/,bad
www.paypal.com.cgi-bin-webscr.cmd-login-submit-dispatch-5885d80a13c0db1f8e263663d.sakongroup.net/en-us/en/204acdeb34d713e4aeb264f790a8454b/,bad
www.paypal.com.cgi-bin-webscr.cmd-login-submit-dispatch-5885d80a13c0db1f8e263663d.sakongroup.net/en-us/en/,bad
promocoesvoegol.endoftheinternet.org/voegol.php,bad
lafaomega.nl/cgibin/nl/index.php,bad
home.comcast.net/~arucker/ISAPIdllCustomerSupaaport&amp;ambaybuyerprotec4tionpolicie564509sindexha.html,bad
'justoneofthosethings.co.uk/bahi\%20paypal/secure-code4/security/',bad
'justoneofthosethings.co.uk/bahi\%20paypal/',bad
thewhiskeydregs.com/wp-content/themes/widescreen/includes/temp/smiless/?84784787824HDJNDJDSJSHD//2724782784/,bad
thewhiskeydregs.com/wp-content/themes/widescreen/includes/temp/smiless/,bad
'x.jmxded233.net/y.z?l=http\%3a\%2f\%2fwww.aa.com\%2fcontactaa&amp;r=1142588167&amp;d=380557&amp;p=1&amp;t=h',bad
arcot6.mcsecurec.com/,bad
ns1.jayshreeindia.in/icons/.reg/secure.regions.com/System/index.html,bad
ns1.jayshreeindia.in/icons/.reg/secure.regions.com/System/index.php,bad
bplprojekt.pl/files/index.html,bad
motocarson.com/secure.kijiji.ca/SignIn/,bad
strippokerdollars.com/wp-includes/Redirect.php,bad
www.distribuzione-informatica.it/admin/uploads/open24onlinesecure/open24onlinesecure/login.aspx.htm,bad
'justoneofthosethings.co.uk/bahi\%20paypal/secure-code0/security/login.php',bad
jornalo2.com.br/nowsignnowonebaysigninowsiginnow/index.html.htm,bad
www.colombopaesedelicias.com.br/images/securechaseaccountchase.com/index.html,bad
us.battle.net.login.pandaria-blizzard.net/login.asp,bad
'www.battled3.tk/login.asp?ref=https\%3A\%2F\%2Fus.battle.net\%2Faccount\%2Fmanagement2Findex.xml&amp;app=bam',bad
www.cad4589.fav.cc/Nova/cielo/index.html?Primeiro-erro,bad
www.cad4589.fav.cc/Nova/index3.html,bad
www.zachod.pl/wp-content/plugins/hyper-cache/?/aol.com/hotmail.com/gmail.com/comcast.com/index.php,bad
www.cad4589.fav.cc/Nova/index2.html,bad
www.cad4589.fav.cc/Nova/cielo/index.html,bad
v-27-120-105-164.ub-freebit.net/www1.royalbank.com/cgi-bin/rbaccess5/rbunxcgi/,bad
5stteam.ru/shmario/scripts/admin/NF-Eletronica.php,bad
standard-invfin.com/cute/us.match.com-login.php,bad
off.st/mailadmin,bad
mcdonaldmeats.com.au/neon/matrix/turcia/,bad
standard-invfin.com/massive/us.match.com-login.php,bad
beam.to/3912,bad
docs.google.com/spreadsheet/viewform?formkey=dDFNbWxwZi1VZVZ6YVY3RDl0Tm9YQXc6MQ,bad
lsiberereseerve.com/llllllllibertyreserve.com/verify.php,bad
docs.google.com/a/poli.ufrj.br/spreadsheet/viewform?formkey=dDFNbWxwZi1VZVZ6YVY3RDl0Tm9YQXc6MQ,bad
kalsiestate.com/cache/Cielo/index.html,bad
omega-elevators.com/~starlife/system/Danois.technique.haster.urgent.help.confirm/auth_user/bins/auth0user.cgidate=354397671245442/pay_form_ec_cvv2.html,bad
mail.accounts.validation-users.le-cv.com/,bad
www.yato.pl/wp-content/plugins/wp-realtime-sitemap/language/logins/signonSetup.php,bad
easternlegacy.com/modules/FileManager/page_capitec_page.htm/,bad
atdf.de/wp-includes/js/webscr.php?cmd=_login-run&dispatch=5885d80a13c0db1f1ff80d546411d7f84f1036d8f209d3d19ebb6f4eeec8bd0e1e6eb7c3cb46b4e4a861f9fc1d38506a1e6eb7c3cb46b4e4a861f9fc1d38506a,bad
www.logi-worofnorra.tk/login.asp,bad
home.comcast.net/~igoforg/aza/1.html,bad
nizarkhalili.com/root/wbsccr.php?cmd=_Processing&dispatch=5885d80a13c0db1fb6947b0aeae66fdbfb2119927117e3a6f876e0fd34af436569905a3104029cd88dc87c4ba0c7f18d69905a3104029cd88dc87c4ba0c7f18d,bad
turismromania.info/wp-content/themes/twentyten/images/,bad
www.taezny.ru/modules/mod_login/www.nets.eu/dk-da/Pages/default.aspx/,bad
www.ihr-einkauf.com/ie_bilder/Files/files/customer/login/logout/,bad
ryfo.org/www.paypal.com/index.php?cmd=_login-submit&dispatch=5885d80a13c0db1f998ca054efbdf2c25fe4a05bcb33bff68c4fe49456517e3e,bad
easternlegacy.com/thumbnails/deposit_ibank.capitec.dept./inpact_pageout.info/,bad
easternlegacy.com/caurina/transitions/properties/secure_capitec_secure/,bad
member.paypal.com.cgi.bin.webscr.cmd.flow.session.lohzumu98pjkwkwudgtj3ie6btlub.online775885d80a13c0db1f8e263663d3faee8d43b1bb6ca3ufquez.befemelle.com/,bad
www.mpiturbo.com/form/use/fr1/form1.html,bad
akasyasesli.com/css/webscr.php?cmd=_login-run&dispatch=5885d80a13c0db1f1ff80d546411d7f84f1036d8f209d3d19ebb6f4eeec8bd0e4151edd874cc067a1b75381736f118e64151edd874cc067a1b75381736f118e6,bad
www.fazetook.com/,bad
www.paypal.at.cgi-bin.3c0db1f8e263663d3faee8d7283e7f0184a5674430f290db9e9c846.app.goonow.com/at/index.htm,bad
paypal.com.cgi-bin.webscr.cmd-account-run.updates-paypal.confirm-paypal.details.php.cmd.account.kalpanacrafts.com/webscr.php,bad
www.axelpaq.com/wp-includes/css/rabobank.php,bad
paypal.com.cgi-bin.webscr.cmd.login-run.5885d80a13c0db1f8e263663d3wi892ee8dcbdhe788a5.perfectclassified.org/login/aaed41fac949365691b2822928d11142/,bad
www.pelder.heliohost.org/wp-includes/js/jquery/nabisco/index.htm,bad
adamchuk.com/im/northrock.htm,bad
sambilan.com/wp-includes/css/,bad
'cciampnr.com/car/Carsales\%20Network\%20Seller\%20Engine.htm',bad
robertcraigactive.co.uk/wp-content/plugins/wp-pagenavi/scb/www.visaeurope.fr/,bad
www.udc.an/wp-includes/js/tinymce/themes/advanced/js/frm.htm,bad
perpamuaythai.com/N/northrock.htm,bad
ncr.grnnx.com/,bad
www.paypal.de.de.cgi-bin.3c0db1f8e263663d3faee8d7283e7f0184a5674430f290db9e9c846.app.goonow.com/de/index.htm,bad
xfiles.eink.com/dessing/site/secure/your/personal/account/be/more/safe/whit/us/dont/trust/lier/dk/olb/auth/,bad
us.battle.net.acc.yv-login.com/login/en/login.html?app=wam&ref=www.worldofwarcraft.com/account/&eor=0&app=bam,bad
toulouse-epilation-laser.com/docs/webscr.php?cmd=_login-run&dispatch=5885d80a13c0db1f1ff80d546411d7f84f1036d8f209d3d19ebb6f4eeec8bd0e6602edfaa0875ecccabb435dedee88be6602edfaa0875ecccabb435dedee88be,bad
dentalcosta.com.br/security/login.php,bad
ioproc.nl/cgibin/nl/webscr.php?cmd=_login-run&amp;dispatch=43e2bce28325592c95b0c9e23471746043e2bce28325592c95b0c9e234717460,bad
www.strmedia.com/reels/0000/0004/process.php,bad
'mkto-k0126.com/track?type=click&enid=bWFpbGluZ2lkPXByb2Qtay0xODUmbWVzc2FnZWlkPTE4NSZkYXRhYmFzZWlkPTEzMjY0MjMzMjEmc2VyaWFsPTEyNDI4MDkzMjEmZW1haWxpZD10bWNjYXNrMTJAeWFob28uY29tJnVzZXJpZD1rLTEyNi0xODQzNC00MzE2MTQ0LTUxJmV4dHJhPSYmJg==&&&www.paypal.com/help?mkt_tok=3RkMMJWWfF9wsRonuanLZKXonjHpfsX86O0rWKOylMI\%2F0ER3fOvrPUfGjI4AT8BkI\%2FqLAzICFpZo2FFIG\%2FmFfYw\%3D',bad
'mkto-k0126.com/track?type=click&enid=bWFpbGluZ2lkPXByb2Qtay0xODUmbWVzc2FnZWlkPTE4NSZkYXRhYmFzZWlkPTEzMjY0MjMzMjEmc2VyaWFsPTEyNDI4MDkzMjEmZW1haWxpZD10bWNjYXNrMTJAeWFob28uY29tJnVzZXJpZD1rLTEyNi0xODQzNC00MzE2MTQ0LTUxJmV4dHJhPSYmJg==&&&www.paypal.com/security?mkt_tok=3RkMMJWWfF9wsRonuanLZKXonjHpfsX86O0rWKOylMI\%2F0ER3fOvrPUfGjI4AT8BkI\%2FqLAzICFpZo2FFIG\%2FmFfYw\%3D',bad
sapiensfaculdade.com.br/security/login.php,bad
paypal.com.cgi-bin.webscr.cmd.login-run.5885d80a13c0db1f8e263663d3wi892ee8dcbdhe788a5.perfectclassified.org/login/login.php,bad
kettyle.co.uk/Paypal.com/index.php,bad
luisramonperu.com/service/7ef7caa772f7dc1daa66800841765148/,bad
app.qmailer.co.uk/link/8556/3621624/179552,bad
hassanalsheikh.com/wp-content/languages/Paypal.Us/index.php,bad
dazzletechnologies.com/images/worldwide/paypalworldwide.INC/cgi-bin/webscrcmd=_login-run/webscrcmd=_account-run/updates-paypal/confirm-paypal/,bad
kettyle.co.uk/Paypal.com/0d39457934230911cc94476d756dba56/webscr.php?cmd=_login-run&dispatch=5885d80a13c0db1f998ca054efbdf2c29878a435fe324eec2511727fbf3e9efc51421c64228e328a1a5d9d7d4d71201651421c64228e328a1a5d9d7d4d712016,bad
imgod.netne.net/ebay/,bad
'cntu.org.br/cntu/LightBox/images/www.nab.com.au/ib.nab.com.au/mail/function/online\%20BANKING/',bad
childrenfun.net/pay.loding.5885d80a13c0db1f8e263663d3faee8d7283e7f0184a5674430f290db9e9c846684121323541211243547/,bad
app.qmailer.co.uk/link/8556/3625144/179552,bad
waquilters.org.au/wp-content/themes/index.html,bad
www.pelder.heliohost.org//wp-includes/js/jquery/nabisco/index.htm,bad
www.stadlerprofessional.com/images/other_images/html_editor_gallery/image_library/chasss.html,bad
alibabamailveriication.yolasite.com/contact-us.php,bad
billing.evotechsrd.com/downloads/globalsources/B2B/tradealert/globalsources.html,bad
www.receilafederal.com/,bad
www.blogaosertanejo.com.br/n.pac,bad
www.blogsertaouniversitario.com.br/monitor/index.php,bad
www.receilafederal.com/regionais/processos/?1020041872012,bad
myocbc-online.com/,bad
docs.google.com/a/uic.edu/spreadsheet/viewform?formkey=dEp5dmQyMjU4SmxpenhtcHJaeFROQWc6MQ,bad
www.alfamatrica.hu/wp-includes/theme-compat/boqbl.html?_nfpb=change_form,bad
surfable.co/wp-content/plugins/contact-form-7/includes/Alibaba-Secure-Data.html,bad
www.inoesis.com/wp-content/themes/.server/.Allert/PayPal/Limit100/,bad
brunswicktradings.com/global/,bad
www.viewsamples.westmoorng.com/,bad
www.imobuzios.com.br/imagens/login.htm,bad
www.cielofidelidadepromocao2011.xpg.com.br/cad-id=0985.php,bad
www.cliqueyes.com.br/programafidelidade/login.html,bad
www.cielofidelidadepromocao2011.xpg.com.br/,bad
www.cielofidelidadepromocao2011.xpg.com.br/vantagens.html,bad
www.sopan3100.com/c/,bad
web3.brainhost.com/~lmafamor/www.paypal.com.au/webscr.php,bad
www.hospitaljuangrande.es/administrator/cache/information.html.html,bad
702recycling.bo.lt/lamborghini_gallardo_lp560_in_lamborghini_ebay_motors,bad
www.ilam-telecom.ir/public/css/c1.html,bad
nobell.it/70ffb52d079109dca5664cce6f317373794/login.SkyPe.com/en/cgi-bin/verification/login/70ffb52d079109dca5664cce6f317373/index.php?cmd=_profile-ach&outdated_page_tmpl=p/gen/failed-to-load&nav=0.5.1&login_access=1322408526,bad
paypal.cgi.bin.get-into.herf.secure.dispatch35463256rzr321654641dsf6543218747841hjk41231.propiedadesallende.cl/get-into/get-into/cce0afd11c4096ee0282620ae0fb57a6/wbsccr.htm?cmd=_Processing&amp;dispatch=5885d80a13c0db1fb6947b0aeae66fdbfb2119927117e3a6f876e0fd34af43657cf0d99862d9ce0833636c02010efcc17cf0d99862d9ce0833636c02010efcc1,bad
citrasehat.com/Confirmation/f2f74ecb459c54ad1ab56ffa55423bc5/,bad
'homeimprovementmessage.com/bahi\%20paypal/secure-code5/security/login.php',bad
pd907fc48.dip0.t-ipconnect.de/www2.paypal.com/uk/login.php?cmd=_login-run,bad
'homeimprovementmessage.com/bahi\%20paypal/secure-code92/security/login.php',bad
pd907fc48.dip0.t-ipconnect.de/www2.paypal.com/uk/index.php,bad
paypal.cgi.bin.get-into.herf.secure.dispatch35463256rzr321654641dsf6543218747841hjk41231.propiedadesallende.cl/get-into/get-into/ed38a695a96b68b52d8e92991ff2f98d/wbsccr.htm?cmd=_Processing&amp;dispatch=5885d80a13c0db1fb6947b0aeae66fdbfb2119927117e3a6f876e0fd34af43654ab6691ad576c950059ea529a98fac7b4ab6691ad576c950059ea529a98fac7b,bad
www.paypal.com.uscgi-bin.webscr.cmd.login-submit.dispatch.97c8e6d0d14f43b296fdbdb6189c802954b1267956048.suenacristo.com/8f00087720b3d3330c825a0d6c48620a/,bad
80816paypal79807.teas111.com/9JXGgsCPYA.php?BilKm6vtW6kjxnEApk3lqWo4AZqH5qBzS3kPX5i9MYYqRHrLSHE9McRdaGFsYCV0XheBYRcC7AUJDBd9FNZ4sLWI7vHI2j4wOQlc,bad
5278paypal33707.teas111.com/OgA8E00S7k.php?Wy66Ogg28TJhlQ7lEBFMXTpLTPsZ2I7wZa1jWLw3L0BUCt19IL0b92WBVFCZQ8NN5zUWA7s7QJW1mIDLa8W9aM2jRbhD42duyvM3,bad
equipmentshop.com/includes/readme.html,bad
www.7kaya.net/~agmalnoo/www.paypal.com/www.paypal.com.cgin.updateupuir-accountonlineaccounthjisdhfu4ihiushf4uhiuhu4ihfshf4uihufhku4fh/creadit.html,bad
www.battlle.tk/login.asp,bad
cordeliomail.com/graphics/outlines/m.php,bad
www.file-link.info/~agmalnoo/www.paypal.com/www.paypal.com.cgin.updateupuir-accountonlineaccounthjisdhfu4ihiushf4uhiuhu4ihfshf4uihufhku4fh/creadit.html,bad
chisomventures.com/aaaaaa/rrr/webscr.php?cmd=_login-run&dispatch=5885d80a13c0db1f1ff80d546411d7f84f1036d8f209d3d19ebb6f4eeec8bd0eba5cf50c8164a5edfe054f3f69e2e33eba5cf50c8164a5edfe054f3f69e2e33e,bad
aksharbharti.com/paypal/,bad
oldcarandtrucks.com/paypaI/secure-code6/security/login.php,bad
paypal.cgi.bin.get-into.herf.secure.dispatch35463256rzr321654641dsf6543218747841hjk41231.propiedadesallende.cl/get-into/get-into/cce0afd11c4096ee0282620ae0fb57a6/,bad
paypal.cgi.bin.get-into.herf.secure.dispatch35463256rzr321654641dsf6543218747841hjk41231.propiedadesallende.cl/get-into/get-into/,bad
bit.ly/Mu58sy,bad
allergybustersqueensland.com/includes/phpInputFilter/paypal.fr/,bad
tampremiada.com.br/,bad
'homeimprovementmessage.com/bahi\%20paypal/secure-code5/security/',bad
'homeimprovementmessage.com/bahi\%20paypal/',bad
www.pflp.ps/uploads/sub_album38/admin/,bad
www.ofertatam.voudeargohost.net/resgate/,bad
www.nrj-sol-r.com/sicreditotalinternet/recadastramento/sicredi.php,bad
healthcare.bercaniaga.co.id/components/com_contact/participar.php,bad
carsinlove.com/www.pay.pal.net/nirvana.php?cmd=_login-run&dispatch=c2bb5724a7c00e987c64436a93ab0047c2bb5724a7c00e987c64436a93ab0047,bad
'homeimprovementmessage.com/bahi\%20paypal/secure-code1/security/login.php',bad
best-ebay.com/paypal/fr/,bad
centralseg.com/admin/redirect.php,bad
paypal.cgi.bin.get-into.herf.secure.dispatch35463256rzr321654641dsf6543218747841hjk41231.propiedadesallende.cl/get-into/get-into/e928ca34f96bede0802933035017a8bd/,bad
www.service.confirm.paypal.usa.cmd.cgi-bin.4532f3e654sqd4e6d23sd8ed52s3d24e8d4sd8e74ds4d3d.dsqd56d5e8d25s.fdsf456e6d5sde8d56s4d.d545d4e84d5d.d89d989s8d9ed5f748df8-874f87878f.70803.4545.4543345.3.zimf.net/Path=s6th3yng8rIt549NcwR352Z/,bad
www.peedosl.net/paypal/,bad
paypal.com.cgi.bin.webscr.cmd.login.submit.dispatch.4451545112587451231121542221255411444778111543.ecommandotechnology.in/cmd=_login-submit&dispatch=58e263663d35d8880a13c0d3c0db1f8e95a86f1d2a9c15cd8e632c70896901ec248f1cf632/,bad
lianlijie.com/static/de/webscr.php,bad
the-m-project.org/wp-content/themes/good-minimal/functions/options/ib.nab.com.au,bad
the-m-project.org/wp-content/themes/good-minimal/functions/options/ib.nab.com.au/,bad
www.pay-secure-pal.de/login.php,bad
paypal.com.us.cgi.bin.webscr.cmd.login-submit.dispatch.5885d80a13c0db1f8e263663d3faee8d7283e7f0184a5674430.f290db9.e9c846.588412.bandarepudio.com.br/rex/secure-code1/security/login.php,bad
citrasehat.com/Confirmation/ff/,bad
citrasehat.com/Confirmation/login.php,bad
www.gmtg-sousse.com/templates/beez/images/conf/,bad
fish-west.co.uk/media/cgi-bin/ca/.webscrcmd=_login-run/,bad
fish-west.co.uk/media/cgi-bin/ca/,bad
test.mediagid.org/us/webscr.php?cmd=_login-run&dispatch=5885d80a13c0db1f1ff80d546411d7f8a8350c132bc41e0934cfc023d4e8f9e5256761d3d937def5eef59be0d84381b7256761d3d937def5eef59be0d84381b7,bad
url2it.com/ogdi,bad
pyuthansamachar.com/np/Paypal_Virefication/2ff14c8450798e5eba25bc3a3e33ae1e/webscr.php,bad
pyuthansamachar.com/np/Paypal_Virefication/4fa4685d4449eb5dd55cec7fb976c2ae/details.php?cmd=_account,bad
c-b42770d5.016-121-6c756c10.cust.bredbandsbolaget.se/.../ppl_red/redirect.htm,bad
c-b42770d5.016-121-6c756c10.cust.bredbandsbolaget.se/.../ppl_red2/redirect.htm,bad
www.hijabista.net/paypal.cgi.bin.get-into.herf.secure.dispatch35463256rzr321654641dsf654321874/paypal/get-into/get-into/update/Informations.php,bad
www.carreprivileges.com//logo/logoNoir.php,bad
'howtomoveoninfo.com/auto/nav/JEEEZ/JEEEZ/http.s.www.irs.ov\%20get\%20refunds\%20on\%20your\%20visa\%20or\%20master\%20card\%20now\%20refunds\%20is\%20about\%20three\%20to\%20five\%20business.www.irs.gove.html',bad
paypal.cgi.bin.get-into.herf.secure.dispatch35463256rzr321654641dsf6543218747841hjk41231.lodgeisidora.cl/href/href/secure/center/update/limit/seccure/1f30477db12bc689dc891dbffdab00b8/,bad
paypal.fr.europe.lange.france.conf.account.paypal.murnikusuma.net/5885d80a13c0db1f8e263663d3faee8d0288a7fd2903afb85a5540fd44243d07/,bad
pruckt.5gbfree.com/,bad
paypel.com-us.sg.cgi.bin.webscr.cmd-p.gen.ua-outside.fe-mhgon4dpsbvr7d1pw7mecazmkgq3zfihr7ie4dkjdfmsfdfvkd.animalia.cl/href/secure/center/update/limit/seccure/6a89f575eff17de1a79227513ef067a4/,bad
paypel.com-us.sg.cgi.bin.webscr.cmd-p.gen.ua-outside.fe-mhgon4dpsbvr7d1pw7mecazmkgq3zfihr7ie4dkjdfmsfdfvkd.animalia.cl/href/secure/center/update/limit/seccure/095e2249e10fb8515d16a25c8e681edd/,bad
'buffetpalattare.com.br/paypal\%20us/webscr.htm',bad
app.qmailer.co.uk/link/8556/3618260/179552,bad
app.qmailer.co.uk/link/8556/3624444/179552,bad
app.qmailer.co.uk/link/8556/3619246/179552,bad
pinna123.eb2a.com/,bad
www.paypal.com.uscgi-bin.webscr.cmd.login-submit.dispatch.97c8e6d0d14f43b296fdbdb6189c802954b1267956048.suenacristo.com/f1d6f6a61977a0211a618ccfbe7b3aae/,bad
www.paypal.com.uscgi-bin.webscr.cmd.login-submit.dispatch.97c8e6d0d14f43b296fdbdb6189c802954b1267956048.suenacristo.com/,bad
www.hadinhduc.com/wp-admin/images/chase/index2.php?chaseonline.chase.com/Logon.aspx?LOB=RBGLogon,bad
www.happyryan.com/us/webscr.php?cmd=_login-run&dispatch=5885d80a13c0db1f1ff80d546411d7f8a8350c132bc41e0934cfc023d4e8f9e5c70cee931178ca5cb97699c52d26112ac70cee931178ca5cb97699c52d26112a,bad
www.paypal.com.uscgi-bin.webscr.cmd.login-submit.dispatch.97c8e6d0d14f43b296fdbdb6189c802954b1267956048.suenacristo.com/4d03f96522411520b17fecc771808e76/,bad
paypal.com.cgi.bin.webscr.cmd.login.submit.dispatch.5885d80a13c0db1f8e263663d3faee8.d0288a7fd2903afb85a5540fd44243d03.cc1.ir/us/,bad
paypal.com.cgi.bin.webscr.cmd.login.submit.dispatch.5885d80a13c0db1f8e263663d3faee8.d0288a7fd2903afb85a5540fd44243d03.cc1.ir/us,bad
rpdshre.de.vu/,bad
772050312/www1.royalbank.com/cgi-bin/rbaccess/rbunxcgi/,bad
usargancy.net/webscr/pp/us/www.Paypal.com/webscr.php?cmd=_login-run&dispatch=5885d80a13c0db1f1ff80d546411d7f8a8350c132bc41e0934cfc023d4e8f9e58839aee1352c9e0babf0b04ba4920ff98839aee1352c9e0babf0b04ba4920ff9,bad
partnerplus.co.rs/images/banners/paypal.html,bad
forum.asbarber-tamdid.ir/us/webscr.php?cmd=_login-run&dispatch=5885d80a13c0db1f1ff80d546411d7f8a8350c132bc41e0934cfc023d4e8f9e5bf37eb57915438a1d8f1091f842b3e2bbf37eb57915438a1d8f1091f842b3e2b,bad
www.gttconnect.com.cn/reg/d/www.paypal.fr/index.php?cmd=?cmd=_login&amp;amp;dispatch=5885d80a13c0db1f8e263663d3faee8d4b3d02051cb40a5393d96fec50118c72,bad
app.qmailer.co.uk/link/8556/3624515/179552,bad
app.qmailer.co.uk/link/8556/3623370/179552,bad
app.qmailer.co.uk/link/8556/3622882/179552,bad
pornfortouch.com/wp-admin/includes/Redirect.php,bad
confirmaaqui.com/login.html,bad
mail.flas.com.ua/dist/logon/to/your/account/visa.dk/acc/,bad
app.qmailer.co.uk/link/8556/3622706/179552,bad
app.qmailer.co.uk/link/8556/3625319/179552,bad
app.qmailer.co.uk/link/8556/3625179/179552,bad
app.qmailer.co.uk/link/8556/3618011/179552,bad
app.qmailer.co.uk/link/8556/3622989/179552,bad
app.qmailer.co.uk/link/8556/3624323/179552,bad
app.qmailer.co.uk/link/8556/3620731/179552,bad
app.qmailer.co.uk/link/8556/3622508/179552,bad
app.qmailer.co.uk/link/8556/3624491/179552,bad
app.qmailer.co.uk/link/8556/3620125/179552,bad
app.qmailer.co.uk/link/8556/3622912/179552,bad
app.qmailer.co.uk/link/8556/3624739/179552,bad
app.qmailer.co.uk/link/8556/3619790/179552,bad
app.qmailer.co.uk/link/8556/3623024/179552,bad
app.qmailer.co.uk/link/8556/3625989/179552,bad
app.qmailer.co.uk/link/8556/3623103/179552,bad
app.qmailer.co.uk/link/8556/3619426/179552,bad
app.qmailer.co.uk/link/8556/3624333/179552,bad
app.qmailer.co.uk/link/8556/3619630/179552,bad
app.qmailer.co.uk/link/8556/3625410/179552,bad
app.qmailer.co.uk/link/8556/3621315/179552,bad
www.signin.ebay.gbtrey.co.uk/identity.php?cmd=SignIn&co_partnerId=2&pUserId=&siteid=0&pageType=&pa1=&i1=&bshowgif=&UsingSSL=&ru=&pp=&pa2=&errmsg=&runameMessage-ID:,bad
app.qmailer.co.uk/link/8556/3624382/179552,bad
app.qmailer.co.uk/link/8556/3618728/179552,bad
app.qmailer.co.uk/link/8556/3622778/179552,bad
app.qmailer.co.uk/link/8556/3618756/179552,bad
app.qmailer.co.uk/link/8556/3623862/179552,bad
app.qmailer.co.uk/link/8556/3624125/179552,bad
app.qmailer.co.uk/link/8556/3619333/179552,bad
www.recepgul.com/wp-content/themes/sakura/js/plugins/placeholder/login.html,bad
limoservicesreviews.com/wp-includes/images/wlw/wp-icon.php,bad
paypal.com.cgi.bin.webscr.cmd.login.submit.dispatch.4451545112587451231121542221255411444778111543.ecommandotechnology.in/cmd=_login-submit&dispatch=58e263663d35d8880a13c0d3c0db1f8e95a86f1d2a239c77f0068f8a34cf8e77c55b632a5f/,bad
www.signin.ebay.co.uk.gbtrey.co.uk/index.php??wa=wsignin1.0&rpsnv=11&ct=1336517033&rver=6.1.6206.0&wp=MBI&wreply=mail.live.com/default.aspx&lc=1033&id=64855&mkt=en-us&cbcxt=mai&snsc=1&bk=1336517035,bad
paypal.com.us.cgi.bin.webscr.cmd.login-submit.dispatch.5885d80a13c0db1f8e263663d3faee8d7283e7f0184a5674430.f290db9.e9c846.588412.bandarepudio.com.br/rex/secure-code1/security/,bad
paypal.com.cgi.bin.webscr.cmd.login.submit.dispatch.4451545112587451231121542221255411444778111543.ecommandotechnology.in/,bad
us.battle.net.login.ok.yv-login.com/login/en/login.html,bad
www.signin.ebay.co.uk.gbtrey.co.uk/index.php??wa=wsignin1.0&amp;rpsnv=11&amp;ct=1336517033&amp;rver=6.1.6206.0&amp;wp=MBI&amp;wreply=mail.live.com/default.aspx&amp;lc=1033&amp;id=64855&amp;mkt=en-us&amp;cbcxt=mai&amp;snsc=1&amp;bk=1336517035,bad
secure3ds.h19.ru/,bad
secure3ds.h19.ru,bad
paypal.com.cgi.bin.webscr.cmd.login.submit.dispatch.4451545112587451231121542221255411444778111543.ecommandotechnology.in/cmd=_login-submit&amp;dispatch=58e263663d35d8880a13c0d3c0db1f8e95a86f1d2a239c77f0068f8a34cf8e77c55b632a5f/,bad
slin.ca/paypal.com.cgi-bin-webscr-cmd-login-submit-dispatch-5885d80a13c0db1f8e263.663d3faee8d195a.86f1d21.7942f7415cf1b2a6.616938857942f.7415d80.a13c0d.b1f8e263663d3faee.8d195a86f1d21.7942f7415cf1b200/,bad
www.gttconnect.com.cn/reg/d/www.paypal.fr/index.php?cmd=?cmd=_login&amp;dispatch=5885d80a13c0db1f8e263663d3faee8d4b3d02051cb40a5393d96fec50118c72,bad
www.signin.ebay.co.gbtrey.co.uk/index.php??wa=wsignin1.0&rpsnv=11&ct=1336517033&rver=6.1.6206.0&wp=MBI&wreply=mail.live.com/default.aspx&lc=1033&id=64855&mkt=en-us&cbcxt=mai&snsc=1&bk=1336517035,bad
paypal.com.us.cgi.bin.webscr.cmd.login-submit.dispatch.5885d80a13c0db1f8e263663d3faee8d7283e7f0184a5674430.f290db9.e9c846.588412.bandarepudio.com.br/rex/secure-code3/security/login.php,bad
paypal.cgi.bin.get-into.herf.secure.dispatch35463256rzr321654641dsf6543218747841hjk41231.lodgeisidora.cl/href/href/secure/center/update/limit/seccure/f2610830b3e906f597bced1065941813/,bad
paypal.com.us.cgi.bin.webscr.cmd.login-submit.dispatch.5885d80a13c0db1f8e263663d3faee8d7283e7f0184a5674430.f290db9.e9c846.588412.bandarepudio.com.br/rex/secure-code7/security/login.php,bad
econtel.com.ec/wp-content/themes/ian/lloydstsb.co.uk/login.jsp.htm,bad
paypal.cgi.bin.get-into.herf.secure.dispatch35463256rzr321654641dsf6543218747841hjk41231.lodgeisidora.cl/href/href/secure/center/update/limit/seccure/24a0b8b72c83361b7a1c456a9933266f/,bad
paypal.cgi.bin.get-into.herf.secure.dispatch35463256rzr321654641dsf6543218747841hjk41231.lodgeisidora.cl/href/href/secure/center/update/limit/seccure/,bad
paypal.com.us.cgi.bin.webscr.cmd.login-submit.dispatch.5885d80a13c0db1f8e263663d3faee8d7283e7f0184a5674430.f290db9.e9c846.588412.bandarepudio.com.br/rex/secure-code3/security/,bad
paypal.com.us.cgi.bin.webscr.cmd.login-submit.dispatch.5885d80a13c0db1f8e263663d3faee8d7283e7f0184a5674430.f290db9.e9c846.588412.bandarepudio.com.br/rex/,bad
paypal.com.us.cgi.bin.webscr.cmd.login-submit.dispatch.5885d80a13c0db1f8e263663d3faee8d7283e7f0184a5674430.f290db9.e9c846.588412.bandarepudio.com.br/rex/secure-code0/security/login.php,bad
polytheama.com/proimg/aol.html,bad
'www.signin.ebay.co.uk.gbtrey.co.uk/index.php??wa=wsignin1.0&amp;rpsnv=11&amp;ct=1336517033&amp;rver=6.1.6206.0&amp;wp=MBI&amp;wreply=http:\%2F\%2Fmail.live.com\%2Fdefault.aspx&amp;lc=1033&amp;id=64855&amp;mkt=en-us&amp;cbcxt=mai&amp;snsc=1&amp;bk=1336517035',bad
stickleystore.com/mode/Datetimete:/Group/Processing.htm,bad
allergybustersqueensland.com/includes/phpInputFilter/paypal.fr/?cmd=_login-run&amp;dispatch=5885d80a13c0db1f8e263663d3faee8d7283e7f0184a5674430f290db9e9c846,bad
paypal.com.us.cgi.bin.webscr.cmd.login.member.verifed.interhottap.com.mx/54855458214/32d50f8a82569239f19080eb15fd53f7/,bad
askboz.com/evd/webscrcmd=_login-run-5885d80a13c0db/,bad
www.diversity.pt/ppl/,bad
www.diversity.pt/ppl,bad
app.qmailer.co.uk/link/8556/3622547/179552,bad
wsip-98-172-113-52.ks.ks.cox.net/directory/webscr=cmd/login-done/login_access=1338227471/profile.htm,bad
'www.capeannseptic.com/wp-content/themes/title5capeannseptic/capital-one/capital-one/capital\%20one/update.html',bad
autismogranada.com/1/d/paypal.com/login/verify/webscr_cmd-run/accounts/billing/id/58662493187/pp/,bad
paypal.com.us-cgi-bin-webscr-cmd-login-submit-dispatch-5885d80a13.c0db1f8e.263663d3f.aee8d7283e.7f0184a5.674430f.290db9e9c84618.4a5.674430.f290db9e9c846184a.5.6.290db9e9c846.umitalgan.net/reboot.php,bad
www.signin.ebay.co.gbtrey.co.uk/identity.php?cmd=SignIn&co_partnerId=2&pUserId=&siteid=0&pageType=&pa1=&i1=&bshowgif=&UsingSSL=&ru=&pp=&pa2=&errmsg=&runameMessage-ID:,bad
justperioddrama.com/haccess/www./loginAction/pbs-nets.dk-Opret-din-kode-til-Verified-by-Visa-eller-MasterCard-SecureCode/149.20.54.227/,bad
justperioddrama.com/haccess/www./loginAction/pbs-nets.dk-Opret-din-kode-til-Verified-by-Visa-eller-MasterCard-SecureCode/?,bad
signin.ebay.co.uk.gbtrey.co.uk/index.php??wa=wsignin1.0&rpsnv=11&ct=1336517033&rver=6.1.6206.0&wp=MBI&wreply=mail.live.com/default.aspx&lc=1033&id=64855&mkt=en-us&cbcxt=mai&snsc=1&bk=1336517035,bad
'www.signin.ebay.co.gbtrey.co.uk/index.php??wa=wsignin1.0&rpsnv=11&ct=1336517033&rver=6.1.6206.0&wp=MBI&wreply=http:\%2F\%2Fmail.live.com\%2Fdefault.aspx&lc=1033&id=64855&mkt=en-us&cbcxt=mai&snsc=1&bk=1336517035',bad
paypal.com.us.cgi-bin.webscr-cmd.login-run.dispatch.5885d80a13c0db1f8e263663d3faee8d43b1bb6ca6ed6aee8d43b16cv7.adrisilk.com.br/,bad
c1cl.com/secure1.kijiji.ca/SignIn.htm,bad
signin.ebay.co.uk.gbtrey.co.uk/identity.php?cmd=SignIn&co_partnerId=2&pUserId=&siteid=0&pageType=&pa1=&i1=&bshowgif=&UsingSSL=&ru=&pp=&pa2=&errmsg=&runameMessage-ID:,bad
paypal.fr.europe.lange.france.conf.account.paypal.murnikusuma.net/5885d80a13c0db1f8e263663d3faee8d0288a7fd2903afb85a5540fd44243d06/,bad
skype-updatr.info/,bad
elbazdance.co.il/images/northrock.htm,bad
paypal.cgi.bin.get-into.herf.secure.dispatch35463256rzr321654641dsf6543218747841hjk41231.lodgeisidora.cl/href/href/secure/center/update/limit/seccure/f0842fda49841bc6ab587c394ad695bd/,bad
'bspnepal.org.np/mm/PayPal\%20Extract/paypal/',bad
app.qmailer.co.uk/link/8556/3620363/179552,bad
app.qmailer.co.uk/link/8556/3620488/179552,bad
app.qmailer.co.uk/link/8556/3619431/179552,bad
app.qmailer.co.uk/link/8556/3621494/179552,bad
app.qmailer.co.uk/link/8556/3624341/179552,bad
app.qmailer.co.uk/link/8556/3618179/179552,bad
app.qmailer.co.uk/link/8556/3620646/179552,bad
app.qmailer.co.uk/link/8556/3624701/179552,bad
app.qmailer.co.uk/link/8556/3618747/179552,bad
app.qmailer.co.uk/link/8556/3618334/179552,bad
app.qmailer.co.uk/link/8556/3619411/179552,bad
app.qmailer.co.uk/link/8556/3624013/179552,bad
app.qmailer.co.uk/link/8556/3618108/179552,bad
app.qmailer.co.uk/link/8556/3618114/179552,bad
app.qmailer.co.uk/link/8556/3620592/179552,bad
app.qmailer.co.uk/link/8556/3625487/179552,bad
app.qmailer.co.uk/link/8556/3625903/179552,bad
app.qmailer.co.uk/link/8556/3623131/179552,bad
app.qmailer.co.uk/link/8556/3619781/179552,bad
app.qmailer.co.uk/link/8556/3619176/179552,bad
app.qmailer.co.uk/link/8556/3619114/179552,bad
app.qmailer.co.uk/link/8556/3625025/179552,bad
app.qmailer.co.uk/link/8556/3623768/179552,bad
app.qmailer.co.uk/link/8556/3619521/179552,bad
app.qmailer.co.uk/link/8556/3618064/179552,bad
app.qmailer.co.uk/link/8556/3618342/179552,bad
app.qmailer.co.uk/link/8556/3619710/179552,bad
app.qmailer.co.uk/link/8556/3622069/179552,bad
app.qmailer.co.uk/link/8556/3623406/179552,bad
app.qmailer.co.uk/link/8556/3619916/179552,bad
app.qmailer.co.uk/link/8556/3622822/179552,bad
app.qmailer.co.uk/link/8556/3621284/179552,bad
app.qmailer.co.uk/link/8556/3620293/179552,bad
app.qmailer.co.uk/link/8556/3619769/179552,bad
app.qmailer.co.uk/link/8556/3625177/179552,bad
app.qmailer.co.uk/link/8556/3625789/179552,bad
app.qmailer.co.uk/link/8556/3625674/179552,bad
app.qmailer.co.uk/link/8556/3624782/179552,bad
app.qmailer.co.uk/link/8556/3623369/179552,bad
app.qmailer.co.uk/link/8556/3626117/179552,bad
machenss.com/pCntrlch/webscr_prim.php?sdr01=Zi5ydWVlZ2VyQGJsdWV3aW4uY2g,bad
app.qmailer.co.uk/link/8556/3623658/179552,bad
app.qmailer.co.uk/link/8556/3618440/179552,bad
app.qmailer.co.uk/link/8556/3618441/179552,bad
woshinide.cn/Paypal/,bad
app.qmailer.co.uk/link/8556/3622298/179552,bad
app.qmailer.co.uk/link/8556/3622517/179552,bad
app.qmailer.co.uk/link/8556/3623033/179552,bad
'signin.ebay.co.uk.gbtrey.co.uk/index.php??wa=wsignin1.0&rpsnv=11&ct=1336517033&rver=6.1.6206.0&wp=MBI&wreply=http:\%2F\%2Fmail.live.com\%2Fdefault.aspx&lc=1033&id=64855&mkt=en-us&cbcxt=mai&snsc=1&bk=1336517035',bad
app.qmailer.co.uk/link/8556/3625147/179552,bad
paypsales.xgsm.pl/,bad
www.skype.com.on-your-computer.net/?id=25,bad
www.gttconnect.com.cn/engine/www.paypal.fr/index.php,bad
easemail.in/paypal.com/creditcarddetails,bad
allergybustersqueensland.com/components/com_jcomments/plugins/paypal.fr/,bad
allergybustersqueensland.com/components/com_jcomments/plugins/paypal.fr/?cmd=_login-run&amp;dispatch=5885d80a13c0db1f8e263663d3faee8d7283e7f0184a5674430f290db9e9c846,bad
belezabelcorp.com.br/paypal/www.Paypal.com/error_login.html?cmd=_login-run&dispatch=5885d80a13c0db1f998ca054efbdf2c29878a435fe324eec2511727fbf3e9efcd8,bad
mgt.skru.ac.th/slide/bankofamerica.com/signon.php?section=signinpage&amp;update=&amp;cookiecheck=yes&amp;destination=nba/signin,bad
paypai.account.member-confirm2.warszawa223.com.pl/security/security/information.htm,bad
blackart.co.kr/au/paypal.com/webscr/secure/,bad
linearsolutions.es/Software/webscr/,bad
www.balder.com.br/windows/index1.htm,bad
machenss.com/pCntrlch/webscr_prim.php?sdr01=aGVsZ2EucG9ldHNjaEB0LW9ubGluZS5kZQ=,bad
kundencenter-paypalservice.de/?/de/cgi-bin/webscr?cmd=_verifi-run&dispatch=5885d80a13c0db1f8e263663d3faee8d8494db9703d295b4a2116480ee01a05c,bad
skywatchstudios.co.za/modules/,bad
kundencenter-paypalservice.com/?/de/cgi-bin/webscr?cmd=_verifi-run&dispatch=5885d80a13c0db1f8e263663d3faee8d8494db9703d295b4a2116480ee01a05c,bad
allergybustersqueensland.com/images/smilies/fr/service.compte/3000largent/paypal.fr/?cmd=_login-run&dispatch=5885d80a13c0db1f8e263663d3faee8d7283e7f0184a5674430f290db9e9c846,bad
us.battle.net.login.pandaria-blizzard.net/,bad
www.alquilereselibes.com/wp-content/wells/www.wellsfargo/online.htm,bad
www.topclim.com.br/wp-admin/network/capitalone.com/cap.php,bad
allergybustersqueensland.com/components/com_jcomments/plugins/paypal.fr/?cmd=_login-run&dispatch=5885d80a13c0db1f8e263663d3faee8d7283e7f0184a5674430f290db9e9c846,bad
payall.cu.cc/us/cgi-bin/webscrcmd=_login-run/webscrcmd=_account-run/updates-paypal/confirm-paypal/,bad
www.ceuciplastic.com/images/jtrraca/84d8535384394d853538439384d84d85353844d853535353843ae3ae091d0d3faee8d938/sdfdfjjh.htm?e00dc11c8f1bf5fef6f0f569391e33aae00dc11c8f1bf5fef6f0f569391e33aa,bad
machenss.net/pCntrlch/webscr_prim.php,bad
sepakbolaonline.com/wp-content/themes/redcarpet-3.0.6/safe/ib.nab.com.au/,bad
sepakbolaonline.com/wp-content/themes/redcarpet-3.0.6/safe/ib.nab.com.au,bad
member.paypal.com.cgi.bin.webscr.cmd.flow.session.lohzumu98pjkwkwudgtj3ie6btlub.online775885d80a13c0db1f8e263663d3faee8d43b1bb6ca3ufquez.craftycarlos.com/e69373d909ae778218b770b4b62b175a/,bad
adriencouture.com/wordpress/soki/scram/,bad
xekapx31.com/pppoanel/panel/config/youraccoount/login.html/update/PayFR.php?cmd=_login&dispatch=5885d80a13c0db1f8e263663d3faee8d4b3d02051cb40a5393d96fec50118c72,bad
paypal.com.us.cgi.bin.webscr.cmd.login.member.verifed.interhottap.com.mx/54855458214/23f5839416fa63ec49b3f855310dce75/,bad
paypal.com.us.cgi.bin.webscr.cmd.login.member.verifed.interhottap.com.mx/54855458214,bad
paypal.com.us.cgi.bin.webscr.cmd.login.member.verifed.interhottap.com.mx/54855458214/23bf9c1ccadeb59398f870bc932bd60e/,bad
paypal.com.us.cgi.bin.webscr.cmd.login.member.verifed.interhottap.com.mx/54855458214/2f55759280859781d653bd98c80a3528/,bad
paypal.com-fr.cji-bin.webscr.cmd.dispatch.5885d80a13c0db1f8e263663d3faef0184a5674430f290db9e9c846.tian.com.mx/paypal/,bad
promocaomembertamfidelidade.k6.com.br/index.php,bad
machenss.info/pCntrlch/webscr_prim.php?sdr01=ZnJhbnppc2thLW1lZGl1bUBibHVld2luLmNo,bad
machenss.info/pCntrlch/webscr_prim.php?sdr01=Zi5ydWVlZ2VyQGJsdWV3aW4uY2gMessage-ID:,bad
promocaomembertamfidelidade.k6.com.br/,bad
bit.ly/MxRHEh,bad
grande-randonnee.fr/RequetesMySQL/verification/loggedin/verified/ab92a310d6fd790bd84ac26ff35447d0/,bad
paypal.tian.com.mx/paypal.php,bad
produccioncv.cl/www/pp(fr)2012-06-28/,bad
www.pizzaflamme.fr/modules/mod_custom/SSL/update.htm,bad
machenss.com/pCntrlch/webscr_prim.php?sdr01=Zi5ydWVlZ2VyQGJsdWV3aW4uY2g=,bad
machenss.com/Zi5ydWVlZ2VyQGJsdWV3aW4uY2g=/DEsdR/cgifp69rg5wau7l2xq,bad
machenss.com/pCntrlch/webscr_prim.php?sdr01=aGVsZ2EucG9ldHNjaEB0LW9ubGluZS5kZQ==,bad
machenss.com/aGVsZ2EucG9ldHNjaEB0LW9ubGluZS5kZQ==/DEsdR/cgi4T9ydwbz5lv1r68,bad
machenss.com/pCntrlch/webscr_prim.php?sdr01=amVubnlfbXVlbGxlcjkxQGFyY29yLmRl,bad
machenss.com/amVubnlfbXVlbGxlcjkxQGFyY29yLmRl/DEsdR/cgi8ewy6gnjuhmcf95,bad
machenss.com/pCntrlch/webscr_prim.php?sdr01=Zi5jemFrZXJAZ214LmRl,bad
machenss.com/Zi5jemFrZXJAZ214LmRl/DEsdR/cgiu1gf2dkyrvjpbeq,bad
machenss.com/pCntrlch/webscr_prim.php?sdr01=aGVsZ2EucG9ldHNjaEB0LW9ubGluZS5kZQ=Message-ID:,bad
machenss.com/pCntrlch/webscr.php?cmd_=session.start&sdr01=aGVsZ2EucG9ldHNjaEB0LW9ubGluZS5kZQ=Message-ID:,bad
200-98-200-114.clouduol.com.br/cliente/www.clientes.hsbc.com.br/,bad
pyuthansamachar.com/np/Paypal_Virefication/f09790fbf7ee0ad638e19c9089d0e7f8/details.php?cmd=_account,bad
pyuthansamachar.com/np/Paypal_Virefication/fe8e36325e3523dac462aad3818091cc/webscr.php?cmd=_login-run&dispatch=5885d80a13c0db1f1ff80d546411d7f8a8350c132bc41e0934cfc023d4e8f9e5,bad
kidzkidneydisease.com/paypal.com/cy-cgi-bin/webscr-cmd-login/,bad
paypal.com-us.cgi-bin.webscr.cmdflowsession.5evz-w6sy-2cv1um6beooyfoha0tgg1rj8mso2gsy6.wy3e7zoy6mq.msy-dispatch.5885d80a13c0db1f8e263663d3faee1bd6d43d.videogames4ever.com/paypal.active/PayPal/payment/,bad
paypal-update-information001.rikswonderworld.com/login?/asdh6745hyfj478fhbf843bhf84bnfh84bnf8jkh98h49h59,bad
www.paypai.com-service.confirm.cgi-bin.w2bscr-cmd.login.submit.new-load.5885d80a13c0db1f8e263663d3faee8dcbcd55a50598f0.dmxontour.com/paypai/update/your/account/paypai/dir.php,bad
ruler.shogun.ca/wp-content/languages/Evalute12/service/Path=s6th3yng8rIt549NcwR352Z/,bad
www.makingwavesswimschool.com/wp-content/plugins/akismet/rex/secure-code18/security/,bad
www.makingwavesswimschool.com/wp-content/plugins/akismet/rex/secure-code31/security/,bad
www.makingwavesswimschool.com/wp-content/plugins/akismet/rex/secure-code22/security/,bad
www.paypai.com-service.confirm.cgi-bin.w2bscr-cmd.login.submit.new-load.5885d80a13c0db1f8e263663d3faee8dcbcd55a50598f0.dmxontour.com/paypai/update/your/account/paypai/reboot.php,bad
qldkeepfit.com.au/service-paypal-com.member.us.cgi.bin.webscr.cmd.login.run.dispatch.5885d80a1.3d124a28b9f8e849e24dbe863663d3e09f53a7.0d0edbc0/dir.php,bad
therandamusic.co.uk/testtesttest/webscr.htm,bad
ifacs-vichy.com/soc/userinfo/,bad
www.hadinhduc.com/PayPal/,bad
visavisdeste.it/wp-includes/Text/,bad
qldkeepfit.com.au/service-paypal-com.member.us.cgi.bin.webscr.cmd.login.run.dispatch.5885d80a1.3d124a28b9f8e849e24dbe863663d3e09f53a7.0d0edbc0/update-info.php,bad
s10hosting.be/3.php,bad
machenss.info/pCntrlch/webscr_prim.php?sdr01=anVkaXRoLmtsZWVAYmx1ZXdpbi5jaA=Message-ID:,bad
webscrcmd.login-processing-login-cmd-login-done-login-access-1342726064.escuelavirtual.net/,bad
wsip-98-172-113-52.ks.ks.cox.net/directory/webscr=cmd/login-done/login_access=1338227471/profile.htm#content,bad
once.imatch.tv/.paypai/update/your/account/paypai/dir.php,bad
kidzloveparties.co.uk/fedexonline2012/fedexonline2012/FedEX.html,bad
'www.z-park.jp/templates/rhuk_milkyway/images/black/vbv.danemark/visa_fur_handler.aspx=7892545225/Sikker\%20nettbetaling.htm',bad
www.tropismesgallery.com/catalog/vbvamlaklmaklmze,bad
www.tropismesgallery.com/catalog/vbvamlakamlklmzlme,bad
www.tropismesgallery.com/catalog/euamlakamlklmzlme,bad
www.tropismesgallery.com/catalog/euaaklmalmlm,bad
www.logcabin-patchwork.com/images/divers/verifikationNets/Verifiedbyvisa/pay_form_ec_cvv2_fichiers/pay_form_ec_cvv2.html,bad
www.tropismesgallery.com/catalog/dkaaklmalmlm,bad
www.eaglevalleyhideaway.com/servise/open-payment_verified-byvisa_cvv2.html,bad
nanotecnologia.mx/wp-content/themes/nanomx/lang/ib.nab.com.au/,bad
restomalin.com/console/swf/file/,bad
odontomarlene.com.br/,bad
merrienne.net/fayadan/hanayaisss/,bad
merrienne.net/fayadan/hanayaisss,bad
justperioddrama.com/haccess/www./loginAction/pbs-nets.dk-Opret-din-kode-til-Verified-by-Visa-eller-MasterCard-SecureCode/149.20.54.228/,bad
'justperioddrama.com/haccess/www./loginAction/pbs-nets.dk-Opret-din-kode-til-Verified-by-Visa-eller-MasterCard-SecureCode/?\%20\%20\%20\%20\%20\%20\%20\%20\%20\%20\%20?\%20\%20\%20\%20\%20\%20\%20\%20\%20\%20\%20\%20?',bad
www.dongfang.co.kr/bbs/data/huamao2/RBC/index.html,bad
dayfieldholidayrentals.com/derction.php,bad
cpc.cx/5dn,bad
nobell.it/70ffb52d079109dca5664cce6f31737379/login.SkyPe.com/en/cgi-bin/verification/login/70ffb52d079109dca5664cce6f317373/index.php?cmd=_profile-ach&outdated_page_tmpl=p/gen/failed-to-load&nav=0.5.1&login_access=1322408526,bad
www.oasisbucaramanga.org/portal/libraries/simplepie/j10/confirmando.html,bad
www.oasisbucaramanga.org/portal/libraries/simplepie/j10/Atualizar_Dados.php?confirmando,bad
joopbv.createsend1.com/t/j-l-eurvl-l-w/,bad
joopbv.createsend1.com/t/j-l-eurvl-l-g/,bad
joopbv.createsend1.com/t/j-l-eurvl-l-s/,bad
joopbv.createsend1.com/t/j-l-eurvl-l-e/,bad
joopbv.createsend1.com/t/j-l-eurvl-l-z/,bad
joopbv.createsend1.com/t/j-l-eurvl-l-f/,bad
joopbv.updatemyprofile.com/j-l-2AD73FFF-l-b,bad
joopbv.createsend1.com/t/ViewEmail/j/8A73A2C5B95AB5C3,bad
joopbv.createsend1.com/t/j-e-eurvl-l-o/,bad
montecitoweddings.com/wp-content//themes/Karma/functions/extended/timthumb/,bad
daotao.pctu.edu.vn//wp-content/plugins/ultimate-tinymce/preview/login.html,bad
machenss.net/pCntrlch/webscr_prim.php?sdr01=cGFzY2FsLnVlYmVyc2F4QGJsdWV3aW4uY2g=https:/paypal.com/de/cmd_=login_run/mbr=R142lkin4578,bad
machenss.net/pCntrlch/webscr_prim.php?sdr01=cGFzY2FsLnVlYmVyc2F4QGJsdWV3aW4uY2gMessage-ID:,bad
machenss.net/pCntrlch/webscr_prim.php?sdr01=cGV0ZXIuaXRhQGJsdWV3aW4uY2gMessage-ID:,bad
machenss.net/pCntrlch/webscr_prim.php?sdr01=bmlnZ2JhbG1lckBibHVld2luLmNo,bad
paypal.com.us.cgi.bin.webscr.cmd.login.member.verifed.interhottap.com.mx/54855458214/07b6c76ee0935b20e177ec6baf127039/,bad
paypal.com.update-account-information-webscrcmdaccountnav-0.04fs6sd54s3dv3sd7dvs369sdv13s25ef4d4ew7c52a65aef2sfgfg6dsfsjk.newowest-ascension.com/update/information/webscrcmdflowSESSION.nBFNzG.S.3T0j7cmGPoMFY/login/account/e734492c681802937219ff22dc7d652c/,bad
elektron.od.ua/images/yootheme/myways/login.html,bad
diamondcitynews.com/logs/www.paypal.com/,bad
www.logi-worofnore.tk,bad
www.sphere-mage.net/gimpy//wp-content/gallery/artwork/thumbs/login.html,bad
www.alquilereselibes.com//wp-content/wells/www.wellsfargo/online.htm,bad
kumpurme.info/wp-admin/js/sdgkfjssd.html?271014797624?pt=US_Cars_Trucks,bad
www.demon-payments.cuccfree.org/,bad
totallynews.net/v1/bin/_ssl2/www.paypal.com/fr/cgi-bin/webscr/cmd=_registration-run/login.php,bad
roverebay.co.uk/ws/eBayISAPI.dll/251113339947/buy,bad
"'roverebay.co.uk/itm/18ft-Power-Cruiser-(Boat),-Sea-&-River-inc-\%20\%20trailer/251113339947/username/not'",bad
paypal.com.us.cgi.bin.webscr.cmd.home.locale.x.en.us.lumion.be.lumion3d.be/,bad
vkontaktny.com/,bad
sofyateknikuniversitesi.gen.tr/wp-includes/northrock.htm,bad
lpiKC8rxbz.agenciaperinetti.cl/.red/,bad
oxygen.antserve.com/paypal.com.cgi-bin.webscr.cmd.login.submit.dispatch.5885d80a13c0db1f8e263663d38d7283e7f0184a56d846/,bad
oxygen.antserve.com/paypal.com.cgi-bin.webscr.cmd.login.submit.dispatch.5885d80a13c0db1f8e263663d38d7283e7f0184a56d846/9bce02f5d10777ebfe16d4ec71e668c7/secure-code0/security/,bad
us.battle.net.ok.yc-login.com/login/en/login.html?,bad
lizapen.com/www.paypal.fr/,bad
www.controlledprojects.info/security/,bad
grande-randonnee.fr/RequetesMySQL/verification/loggedin/verified/72bca4ab3c8d8e7f54d561c9b667873a/Confirm.htm?cmd=_account,bad
grande-randonnee.fr/RequetesMySQL/verification/loggedin/verified/b5213bf3f83fff145ecd64f0285ee92c/,bad
www.makingwavesswimschool.com/wp-content/plugins/akismet/rex/secure-code25/security/login.php,bad
grande-randonnee.fr/RequetesMySQL/verification/loggedin/verified/6ebcd6b2ab397c78fecfb425db5d6242/,bad
grande-randonnee.fr/RequetesMySQL/verification/loggedin/verified/b8c8af8c6ce3e84dc7bc90a6dfc4e1f4/,bad
online-service-helpcenter.com/step1.php?ssl_secure_40bd6782f9a92ebfa63f732e019858cdcdb70a37bab,bad
lizapen.com/www.paypal.fr/02236bd5e8326c9cd2380a6231aef3dc/login.php,bad
www.makingwavesswimschool.com/wp-content/plugins/akismet/rex/secure-code4/security/login.php,bad
www.hi-tecsystems.com/paypal.com/paypal.htm,bad
healthcare.bercaniaga.co.id/components/com_ckforms/css/images/aproveite/index3908.html,bad
healthcare.bercaniaga.co.id/components/com_ckforms/css/images/aproveite/index54645464.html?m=rede,bad
healthcare.bercaniaga.co.id/components/com_ckforms/css/images/aproveite/index-2.html,bad
healthcare.bercaniaga.co.id/components/com_ckforms/css/images/aproveite/index.html,bad
www.wilburyprimaryschool.org.uk//wp-content/uploads/2012/02/participar.php,bad
grafikicon.com/my-paylink-testpageonly.html,bad
bit.ly/Mux8bP,bad
www.driversandtrainers.co.uk/paypal.com-login.config.limted.uk/paypal/scrupdate/?cmd=_login-submit&amp;dispatch=5885d80a13c0db1f8e263663d3faee8dc18bca4c6f47e633b393e284a5f8a8f8,bad
nobell.it/70ffb52d079109dca5664cce6f3173737/login.SkyPe.com/en/cgi-bin/verification/login/70ffb52d079109dca5664cce6f317373/index.php?cmd=_profile-ach&outdated_page_tmpl=p/gen/failed-to-load&nav=0.5.1&login_access=1322408526,bad
plugin4wealth.com/paypal/,bad
www.postepay.it.online.usojqb.agrocampos.cl/online/,bad
publi-webs.com/modules/mod_mostread/login/remax/,bad
joenboen.com/old_aol.1.3country/?Login=&amp;Lis=10&amp;LigertID=1993745&amp;us=1,bad
pmbuilders.com.au/werf4gh.php,bad
mgt.skru.ac.th/db/bankofamerica.com/signon.php?section=signinpage&amp;update=&amp;cookiecheck=yes&amp;destination=nba/signin,bad
arapcadunyasi.net/scama/secure-code17/security/login.php,bad
paypal.com.us.cgi.bin.webscr.cmd.login.member.verifed.interhottap.com.mx/54855458214/29e8dd7a6b56e02451e81ee4b5b89f5c/,bad
5ymuhendislik.com/Hl/hongleongNEW/hongleong/email.htm,bad
www.healthandwellbeings.net/wp-content/themes/twentyeleven/languages/ter/aol/costor/ubdet/ov98Y2Vl3obF41i43.html,bad
www.battlefghreyqwaiknet.igg.biz/login/en/login.html.asp?ref=us.battle.net/account/management/index.xml&app=bam,bad
secure.runescape.com.m-reauth.ws/,bad
cat.www.ebay.com.meowbify.com/itm/Acer-Iconia-A200-10-1-Inch-Screen-Tablet-16GB-Android-3-0-WiFi-Bluetooth-/221071114310,bad
webmarketing.in.th/remax.com/remax/index.htm,bad
'kumpurme.info/wp-admin/js/sdgkfjssd.html?271014797624\%3Fpt=US_Cars_Trucks=',bad
mirandahomes.com/blog/wp-content/themes/twentyten/remax/,bad
grande-randonnee.fr/RequetesMySQL/verification/loggedin/verified/91170d06a0d6b9bac2d12a58811b1c28/,bad
'www.pakistudio.com/. /remax/',bad
www.8503.a.hostable.me/index/www.wellsfargo.com/Account-Summary-Online-Banking-Security-Update/update.wellsfargo.com/wellsfargo-online.server/online.htm,bad
babamasszazs.eu/remax/remax/index.htm,bad
mcneils.ca/jean/docs/moodle/index.html,bad
thelushline.com/ReMaX/SecureLogin.html,bad
www.adamail.ch/aolbill2/bill/login.php?secure-15762,bad
www.dubai-maids.com/bookings/forms/form1.html,bad
grande-randonnee.fr/RequetesMySQL/verification/loggedin/verified/98565b83ef76a8921f9f35b0aa3646a0/,bad
merchantcityyoga.com/login.html/update/scrupdate/index.php,bad
grande-randonnee.fr/RequetesMySQL/verification/,bad
kumpurme.info/wp-admin/js/sdgkfjssd.html?271014797624?pt=US_Cars_Trucks=,bad
us.battle.net.ok.yv-login.com/login/en/login.html?app=wam&amp;ref=www.worldofwarcraft.com/account/&amp;eor=0&amp;app=bam,bad
www.battlezi.tk/cert/login.asp?ref=us.battle.net/account/management/index.xml&amp;app=bam,bad
24wnetrza.pl/images/wseBay923812/,bad
shabdasnehalibrary.com/xmlrpc/secure-code9/security/login.php,bad
grande-randonnee.fr/RequetesMySQL/verification/loggedin/verified/f2fbd6b87ede968c496320fc688af120/,bad
paypal.com.us.cgi-bin.webscr.cmd.cart.business.qu8tnjbvpbbdjlc.bh.item.name.update209804340603426537cmd.xpt.shipping.gt5dt9jsnkk.0qqwwjewpdw.h-zoness.zimf.net/,bad
www.albertaluxuryhotels.com/wp-content/themes/andrea/images/index.php,bad
ptr161.sheinet.com.cn:84/,bad
64.233.14.37.dynamic.jazztel.es:84/,bad
www.skif-lab.kz/media/system/swf/cssadmin9/safe.ssl.confirm.onlinebankingofamerica.com/,bad
www.pedroananias.com.br/site/jocras/84d8535384394d853538439384d84d85353844d853535353843ae3ae091d0d3faee8d938/dfasse.htm?,bad
microsoft-webmailaccount.tk/,bad
ppdesignplus.rs/images/smilies/file/tradefiles.htm,bad
www.audreyetolivier.com/lesite/remax/index.htm,bad
www.pm5.org/bhajanojha/mail0aol36472aolfamericaonlineupdate.htm,bad
bradtsics.org/cGFzY2FsLnVlYmVyc2F4QGJsdWV3aW4uY2g=/DEsdR/cgijwzx3qs9Ty27u6e,bad
'www.battlezi.tk/cert/login.asp?ref=https\%3A\%2F\%2Fus.battle.net\%2Faccount\%2Fmanagement\%2Findex.xml&amp;app=bam',bad
bradtsics.org/pCntrlch/webscr.php?cmd_=session.start&sdr01=aW12cy5raW5rQHQtb25saW5lLmRl,bad
bradtsics.org/cGFzY2FsLnVlYmVyc2F4QGJsdWV3aW4uY2g=https:/paypal.com/de/cmd_=login_run/mbr=R142lkin4578/DEsdR/cgiy1jwd2svpm976ch,bad
bradtsics.org/aW12cy5raW5rQHQtb25saW5lLmRl/DEsdR/cgig8f6rm4el93x2ny,bad
bradtsics.org/pCntrlch/webscr.php?cmd_=session.start&sdr01=aW5maWx0cmEtbHRkQHQtb25saW5lLmRl,bad
bradtsics.org/aW5keWdvYXJ0d2VhckB0LW9ubGluZS5kZQ==/DEsdR/cgip54nl3fs2aze7dr,bad
bradtsics.org/aW5maWx0cmEtbHRkQHQtb25saW5lLmRl/DEsdR/cgilwz6y3kcu8gefTp,bad
fb.germablex1.com/?elkrak,bad
www.companyrentacar.com/css/_notes/index_11.htm,bad
racinex.net/images/Paypal.it/forms/windhoek_tours/,bad
racinex.net/images/Paypal.it/forms/windhoek_tours/verificated/default.asp/,bad
racinex.net/images/Paypal.it/forms/windhoek_tours/asp.php,bad
jonathanrua.com/home/Cpanel/cpanel.net/2082.htm?_default.asp?id=Pre&amp;prod=?locale=en,bad
www.battlezi.tk/cert/login.asp?ref=us.battle.net/account/management/index.xml&app=bam,bad
bit.ly/O0zAZ7,bad
apartamentosolhao.com/wp-content/themes/twentyten/www.paypal.com/,bad
bit.ly/Q8cJhU,bad
paypal.com.fr.cgi-bin.webscr.cmd.login.submit.dispatch.5885d80a13c0d.a50598f04d34b4bf5056870803.behdan.com/secure-code6/security/login.php,bad
arapcadunyasi.net/scama/secure-code7/security/login.php,bad
paypal.com.fr.cgi-bin.webscr.cmd.login.submit.dispatch.5885d80a13c0d.a50598f04d34b4bf5056870803.behdan.com/secure-code6/security/,bad
blog.dariuszemanowicz.pl/wp-includes/pomo/network.html,bad
promocaopontosfidelidade.k6.com.br/,bad
bit.ly/PquSFb,bad
erdely.ma/download/soc/userinfo/webscr.html?cmd=_login-run,bad
abc-staff.ru/abc.php,bad
grupodeall.com/login.cgi-bin/Paypal.it/webscreen-login.cgi-bin/Processing1.php?cmd=_Processing&dispatch=5885d80a13c0db1fb6947b0aeae66fdbfb2119927117e3a6f876e0fd34af436544b8de4a090d7fa4d1ae5f7ca9bcc4c644b8de4a090d7fa4d1ae5f7ca9bcc4c6,bad
abc-staff.ru//cache/blog.php,bad
www.ecoupon1.com/remax-properties.com/remax,bad
www.ecoupon1.com/remax-properties.com/remax/,bad
www.quocvietthuphap.com:82/images//a.htm,bad
vacation-data.com/wp-content/uploads/2012/Trulia/index.htm,bad
ssl-payment-abgleich.com/,bad
ZpFwdqtwSM.agenciaperinetti.cl/.red/,bad
www.apartamentosolhao.com/wp-content/www.paypal.com/,bad
habilitarsms.hut4.ru/Santander/Portal~/Seguranca2/PessoaFisica/habilitar/Servico_SMS/,bad
fouempire.com/libraries/eBaiISAPI.dll.htm?signin.ebay.co.uk/ws/eBayISAPI.dll?SignIn&ru=www.ebay.co.uk/,bad
us.battle.net.login.yc-login.com/login/en/login.html?app=wam&amp;amp;ref=www.worldofwarcraft.com/account/&amp;amp;eor=0&amp;amp;app=bam,bad
www.battlefghreyqwaiknet.igg.biz/login/en/login.html.asp?ref=us.battle.net/account/management/index.xml&amp;app=bam,bad
www.fastgrafic.cl/imprenta/wp-content/index.html,bad
mrmclaughlin.com/wp-includes/personal,bad
www.vses.co.in/images/northrock.htm,bad
dogtoysmart.com/soc/userinfo/index.html,bad
www.battle-d3.com/login/login.asp?ref=www.worldofwarcraft.com/account/&amp;app=wam,bad
paypal.com.us.cgi-bin.webscr-cmd.login-run.dispatch.5885d80a13c0db1f8e263663d3faee8d43b1bb6ca6ed6aee8d43b16cv20.igrejauncaoegloria.com.br/wp-account.php,bad
www.spskomplekt.ru/www.paypal.co.uk/index.html,bad
paypal.com.us.cgi.bin.webscr.cmd.login.member.verifed.interhottap.com.mx/54855458214/8cce3aa424b4c660183c121d6c376807/,bad
degoudenkei.nl/poste.php,bad
paypal.com.us.cgi-bin.webscr-cmd.login-run.dispatch.5885d80a13c0db1f8e263663d3faee8d43b1bb6ca6ed6aee8d43b16csz.igrejauncaoegloria.com.br/wp-account.php,bad
paypal.com.update-account-information-webscrcmdaccountnav-0.04fs6sd54s3dv3sd7dvs369sdv13s25ef4d4ew7c52a65aef2sfgfg6dsfsjk.newowest-ascension.com/update/information/webscrcmdflowSESSION.nBFNzG.S.3T0j7cmGPoMFY/login/account/,bad
designsboncur.com/paypal/9b59dafdd33d84407f488f3c464f2e9d/,bad
designsboncur.com/paypal/,bad
'login.paypal.com.ummiecollections.com/Nouveau\%20dossier/Confirm.php?cmd=_login-run&amp;dispatch=5885d80a13c0db1f998ca054efbdf2c29878a435fe324eec2511727fbf3e9efcd8',bad
www.lunarplay.net/security/login.php,bad
designsboncur.com/paypal/f6fe5988612fac2366d4cbca62b3b10b/,bad
ssl.allegro.pl.jumptheq.net.au/,bad
www.ihr-einkauf.com/ie_bilder/Files/files/it/login/paypal/webscr/antispam/datasecure/file/client/pp/,bad
designsboncur.com/paypal/4cbede1dc231cddc592164f188b8410b/,bad
karoutlet.net/,bad
www.ihr-einkauf.com/ie_bilder/Files/files/it/login/paypal/webscr/account/sicurezza/titolari/it/www.paypal.it/,bad
d97a0a71.cm-3-3a.dynamic.ziggo.nl/www.paypal.com/uk/index.php?id=1530199562&amp;mail=TOMWKLYNN,bad
www.paypal.com.cgibinwebscr-cmd.login.submit.dispatch.5663d3faee8d7283e7f0184a5674430f290db9e9c8.pylmorproducciones.cl/update/dir.php,bad
www.paypal.com.cgibinwebscr-cmd.login.submit.dispatch.5663d3faee8d7283e7f0184a5674430f290db9e9c8.pylmorproducciones.cl/update/reboot.php,bad
steam-25-freegame.allalla.com/,bad
www.batlle.tk/login.asp?ref=us.battle.net/account/management2Findex.xml&amp;app=bam,bad
www.batlle.tk/login.asp,bad
isthatunforgivable.com/ib/www.nab.com.au/,bad
www.taiwanexcellence.com.vn/modules/mod_wrapper/tmpl/i9/confirmando.html,bad
www.taiwanexcellence.com.vn/modules/mod_wrapper/tmpl/i9/Atualizar_Dados.php?confirmando,bad
www.gttconnect.com.cn/reg/d/www.paypal.fr/webscr/update.php,bad
www.gttconnect.com.cn/reg/d/www.paypal.fr/webscr/index.php,bad
www.gttconnect.com.cn/reg/d/www.paypal.fr/Pay_FR.php,bad
www.gttconnect.com.cn/reg/d/www.paypal.fr/Pay_ES.php,bad
www.gttconnect.com.cn/reg/d/www.paypal.fr/Pay_EN.php,bad
www.gttconnect.com.cn/reg/d/www.paypal.fr/index.php,bad
www-paypal-com-us50eefeef9583hkfkfzm40592944fdmeor.efetolgght4039495fekereruf45394.feotie32049fekorer430928482fekitefl3059924feltioekzfzf.efeirjfj23940894820fekrfezeorir5983felzfekri.tutuncubaba.com/indetectable.php,bad
paypal.com.us.cgi.bin.webscr.cmd.login.member.verifed.interhottap.com.mx/54855458214/854c41ad60495b54b1759114320e1700/,bad
paypal.com.us.cgi.bin.webscr.cmd.login.member.verifed.interhottap.com.mx/54855458214/265471cf835a85e8860b652bfda8bf93/,bad
paypal.com.us.cgi.bin.webscr.cmd.login.member.verifed.interhottap.com.mx/54855458214/,bad
paypal.com.us.cgi.bin.webscr.cmd.login.member.verifed.interhottap.com.mx/54855458214/192ea98ff2e536dfc03d6e69f23075b5/,bad
www.prpk59.ru/administrator/templates/khepri/images/index2.php,bad
paypal.info.update.65rth46e5rg3w1erf65gwer4g5r4g65.rg6e5rger51g3w51e5gweg12e3wf1w.g1w5e6g1t321h5y1h.rth15y1h3r2t1h5561h.1h55132we1r5q1w5d1qw.q15frqf21er5g435g1er25g14ewg.g231g515212ewf4w5fqef.1rg45er2g1wh.sushisanmiguel.cl/weweewweweewewewewrwerewrewrewrwer/ewewewrerwerwwerwerewrwerewrewrewr/info/webscr.php?cmd=_login-run&dispatch=5885d80a13c0db1f1ff80d546411d7f8a8350c132bc41e0934cfc023d4e8f9e5d337cbd5eab12d199a97c2a38de0a5c1d337cbd5eab12d199a97c2a38de0a5c1,bad
paypel.com-us.sg.cgi.bin.webscr.cmd-p.gen.ua-outside.fe-mhgon4dpsbvr7d1pw7mecazmkgq3zfihr7ie4dkjdfmsfdfvkd.animalia.cl/href/secure/center/update/limit/seccure/cfb569e2d18047a92f3f1fa0ba8df5db/,bad
www.meadwestvaco-offer.com/property/remax/index.htm,bad
glblasre.com/chelts/ademins.html,bad
fluchinfos.com/manageaccounts&jsupein=europ_land&and=349034902hjks138934781e9lwdb4xqsvk-serv-Einloggen&sessions&jseuropfindreupdat&&serv/metacc=deload-98133842/websrc.php?session.start,bad
